Date,open,high,low,close,volume
2020-01-02,877.5,886.3,876.6,886.3,70480
2020-01-03,887.1,887.7,879.5,879.5,70389
2020-01-06,877.5,883.3,871.6,872.0,83770
2020-01-07,873.8,877.5,871.7,875.0,82989
2020-01-08,868.0,870.9,863.4,863.7,90489
2020-01-09,869.2,876.1,868.7,874.8,75461
2020-01-10,876.1,884.2,875.4,878.7,81716
2020-01-13,880.9,883.0,877.7,879.5,69842
2020-01-14,880.5,885.6,880.1,882.3,74369
2020-01-15,882.0,884.0,880.1,883.8,59791
2020-01-16,886.5,892.3,885.6,892.1,54457
2020-01-17,895.0,895.3,889.5,893.5,68985
2020-01-20,893.0,897.0,891.6,896.9,60257
2020-01-21,896.0,904.6,896.0,902.2,63328
2020-01-22,902.7,909.1,901.8,909.0,64281
2020-01-30,903.8,904.0,873.0,873.0,105632
2020-01-31,879.1,879.2,850.0,852.0,139324
2020-02-03,847.1,850.0,812.1,841.0,183620
2020-02-04,844.8,850.9,831.2,842.2,194912
2020-02-05,848.5,849.5,835.9,841.8,139923
2020-02-06,846.2,861.2,844.2,860.5,140367
2020-02-07,856.4,859.3,850.7,857.0,125635
2020-02-10,850.4,851.4,845.6,846.1,105052
2020-02-11,849.0,856.4,847.8,850.3,103659
2020-02-12,849.1,864.6,849.1,856.6,128526
2020-02-13,855.8,856.9,849.7,855.1,131133
2020-02-14,859.5,863.8,858.3,861.8,126261
2020-02-17,863.2,865.4,860.4,861.1,47293
2020-02-18,862.6,863.9,856.0,856.0,74707
2020-02-19,857.5,865.8,856.5,865.8,82723
2020-02-21,868.0,872.0,861.8,862.8,112375
2020-02-24,849.9,849.9,829.0,829.0,128478
2020-02-25,834.8,842.0,834.1,841.0,34359
2020-02-26,831.0,836.6,828.1,836.6,17128
2020-02-28,833.0,837.8,816.6,830.1,203810
2020-03-02,834.6,844.9,831.9,839.6,118761
2020-03-03,844.0,844.0,838.0,838.0,17850
2020-03-05,845.0,848.4,836.0,836.0,105182
2020-03-06,827.0,833.6,827.0,832.3,36234
2020-03-09,796.2,798.0,774.1,774.1,131999
2020-03-10,791.3,791.9,773.0,781.5,75616
2020-03-11,742.3,745.0,742.0,745.0,4878
2020-03-13,668.0,719.9,661.0,712.3,228204
2020-03-16,699.0,704.9,666.0,674.9,186102
2020-03-17,690.3,704.9,689.1,700.6,30218
2020-03-19,686.0,687.6,672.3,678.0,139677
2020-03-20,672.1,672.1,672.1,672.1,5682
2020-03-23,642.0,644.9,625.1,625.1,97093
2020-03-24,631.3,634.7,620.2,626.0,113705
2020-03-26,642.3,643.9,626.1,626.1,176064
2020-03-27,619.0,619.0,611.8,615.0,28049
2020-03-30,604.4,604.8,578.7,583.0,202159
2020-03-31,572.7,578.7,569.0,578.7,24102
2020-04-03,603.8,615.6,603.5,613.9,181611
2020-04-06,638.0,656.8,636.3,656.8,123780
2020-04-07,663.0,682.0,662.9,677.0,104257
2020-04-09,681.0,689.4,678.0,680.2,194931
2020-04-10,681.4,682.0,679.0,682.0,15315
2020-04-13,676.7,696.4,676.2,689.7,202584
2020-04-15,705.9,719.5,705.9,717.5,151019
2020-04-17,723.4,724.1,710.5,716.5,178181
2020-04-20,713.6,718.5,710.0,710.0,159470
2020-04-21,674.8,677.0,670.1,670.1,71047
2020-04-22,688.4,688.5,682.7,686.9,27902
2020-04-23,678.9,678.9,678.9,678.9,1775
2020-04-27,706.9,710.0,689.0,692.5,209723
2020-04-28,696.0,699.2,694.0,694.0,30930
2020-05-04,682.0,695.6,680.0,684.0,202008
2020-05-06,696.0,718.0,695.4,718.0,179060
2020-05-07,738.7,746.3,738.5,742.0,33342
2020-05-08,769.0,771.4,730.0,744.0,63890
2020-05-11,758.3,774.6,748.5,762.2,241815
2020-05-12,759.9,764.0,759.0,759.1,19777
2020-05-13,768.4,770.3,765.0,770.3,12973
2020-05-15,773.1,777.0,763.1,766.7,185787
2020-05-18,769.5,788.0,767.1,788.0,157405
2020-05-19,799.5,799.5,799.5,799.5,1406
2020-05-21,807.5,864.0,805.1,864.0,90311
2020-05-22,781.0,782.9,768.9,768.9,93087
2020-05-25,776.5,785.6,773.1,782.0,196856
2020-05-27,810.9,812.8,781.1,782.9,208309
2020-05-28,779.1,790.0,779.0,790.0,25807
2020-06-01,794.5,811.9,793.5,811.0,147528
2020-06-02,807.6,808.5,801.0,808.1,58308
2020-06-03,820.1,821.0,811.8,819.0,204025
2020-06-04,821.0,822.3,813.3,815.0,131414
2020-06-05,813.4,838.3,809.5,825.0,143854
2020-06-08,831.5,845.0,831.0,836.5,159338
2020-06-09,836.5,838.7,827.0,827.0,157697
2020-06-10,829.5,840.8,826.2,839.3,185721
2020-06-11,833.9,838.5,795.0,795.0,191947
2020-06-12,783.5,806.4,779.0,805.0,300905
2020-06-15,796.5,803.5,768.1,775.0,208388
2020-06-16,793.0,801.5,790.9,798.0,212214
2020-06-17,798.6,802.8,793.1,800.7,176293
2020-06-18,794.1,803.6,791.0,797.1,100844
2020-06-19,790.0,800.0,789.0,798.6,130018
2020-06-22,800.2,805.7,793.0,797.9,156049
2020-06-23,791.3,800.4,791.2,796.0,175272
2020-06-24,796.0,798.3,783.5,785.0,143297
2020-06-25,776.0,782.7,775.1,781.0,172194
2020-06-26,787.7,788.3,776.3,778.1,142205
2020-06-29,776.6,776.7,753.7,763.0,218029
2020-06-30,769.0,770.3,751.0,752.5,197428
2020-07-01,755.7,769.8,753.3,768.6,197988
2020-07-02,770.9,777.9,763.4,773.0,219722
2020-07-03,774.8,776.4,769.1,773.8,158544
2020-07-06,780.5,798.3,780.5,798.3,128165
2020-07-07,797.1,806.1,791.9,794.0,192970
2020-07-08,793.1,802.1,791.1,802.1,182464
2020-07-09,801.8,814.3,801.0,810.0,126180
2020-07-10,815.0,818.0,799.1,803.7,216441
2020-07-13,811.0,812.7,809.5,811.8,33305
2020-07-14,799.8,800.4,792.4,798.7,140197
2020-07-15,815.0,818.5,812.6,815.0,85444
2020-07-21,799.0,805.0,793.6,805.0,155450
2020-07-22,804.0,805.4,791.1,792.0,146210
2020-07-23,793.6,798.3,787.7,797.1,175591
2020-07-24,792.7,793.2,759.2,765.0,234252
2020-07-27,746.0,747.0,711.6,711.6,255235
2020-07-28,726.9,748.0,725.6,741.7,322020
2020-07-29,728.0,732.8,698.6,720.7,354161
2020-07-30,726.5,740.6,724.0,730.2,345555
2020-07-31,718.0,735.3,710.3,725.0,344925
2020-08-03,731.0,745.7,731.0,742.0,231793
2020-08-04,757.0,762.0,751.1,762.0,229582
2020-08-05,760.0,778.9,756.7,777.5,228182
2020-08-06,779.0,786.4,768.6,776.0,260055
2020-08-07,773.0,783.4,772.5,780.6,262204
2020-08-10,788.5,794.4,782.4,782.4,175864
2020-08-11,787.5,788.8,778.7,787.0,206382
2020-08-12,783.0,791.0,782.6,791.0,170996
2020-08-13,793.9,799.5,792.1,798.3,142396
2020-08-14,799.5,803.2,788.4,793.5,183869
2020-08-17,793.0,795.5,781.6,792.5,194082
2020-08-18,793.5,795.0,785.0,788.0,193812
2020-08-19,789.3,794.1,786.1,793.0,136376
2020-08-20,789.3,793.1,782.0,785.0,145056
2020-08-21,785.7,792.9,783.0,792.9,142491
2020-08-24,801.5,815.5,801.5,815.5,138551
2020-08-25,822.5,823.5,813.0,813.0,174949
2020-08-26,812.0,819.0,811.5,813.2,156643
2020-08-27,812.6,819.0,812.6,819.0,125238
2020-08-28,823.0,831.1,822.7,823.0,141052
2020-08-31,829.1,830.4,821.5,824.1,137544
2020-09-01,821.4,838.0,821.2,837.4,141485
2020-09-03,847.4,850.0,836.7,850.0,172267
2020-09-04,838.1,846.6,836.6,844.8,171193
2020-09-07,848.0,848.0,821.7,821.7,164502
2020-09-08,824.6,830.7,817.7,829.5,213951
2020-09-09,819.8,831.1,815.0,830.0,220033
2020-09-10,832.4,836.5,823.5,823.5,155251
2020-09-11,824.7,830.1,821.6,827.9,140146
2020-09-14,831.9,836.4,831.2,834.0,98663
2020-09-15,834.2,835.9,832.3,833.0,73651
2020-09-16,832.5,834.6,831.6,834.6,55349
2020-09-17,833.3,836.5,827.2,831.0,68962
2020-09-18,834.9,847.7,833.4,846.3,111328
2020-09-21,846.2,856.8,846.0,848.0,129676
2020-09-22,846.3,853.5,845.3,850.0,132599
2020-09-23,854.5,858.5,851.5,854.1,130207
2020-09-24,851.3,854.2,847.8,853.1,107401
2020-09-25,856.6,856.8,848.5,854.9,98766
2020-09-28,858.5,862.9,856.1,862.9,89829
2020-09-29,864.8,868.0,854.1,854.1,119847
2020-09-30,855.0,860.3,851.3,859.8,157797
2020-10-01,864.0,867.0,861.7,867.0,111415
2020-10-02,865.9,867.5,854.5,861.5,131206
2020-10-05,866.6,869.5,864.1,868.8,87890
2020-10-06,871.8,872.0,864.0,867.7,118790
2020-10-07,867.2,873.0,866.7,867.0,109263
2020-10-08,868.8,869.4,864.7,868.7,105263
2020-10-09,869.3,871.7,868.1,871.6,78816
2020-10-12,874.9,878.6,873.0,875.0,89022
2020-10-13,874.3,876.9,872.5,876.4,71410
2020-10-14,877.4,894.8,877.0,894.8,92690
2020-10-15,898.0,903.0,893.1,899.2,95986
2020-10-16,892.9,898.0,888.6,895.1,137000
2020-10-19,898.0,903.4,896.7,903.4,94144
2020-10-20,901.1,911.2,899.6,911.2,106523
2020-10-21,913.7,918.4,906.2,908.5,121070
2020-10-22,906.3,924.0,903.9,924.0,121745
2020-10-23,927.3,937.1,925.5,935.0,123495
2020-10-26,935.5,949.5,927.0,927.0,126495
2020-10-27,926.0,931.9,917.0,920.0,176384
2020-10-28,919.7,921.9,894.5,895.9,177747
2020-10-29,891.1,899.5,879.7,887.5,213258
2020-10-30,890.7,896.6,875.1,896.6,214277
2020-11-02,900.1,907.0,895.4,904.0,132589
2020-11-03,909.3,910.8,903.7,908.3,116107
2020-11-04,909.0,918.1,906.7,912.3,124814
2020-11-05,913.7,919.9,910.0,910.2,130341
2020-11-06,911.2,912.7,903.3,908.3,110492
2020-11-09,914.2,923.0,913.8,923.0,96358
2020-11-10,935.0,935.3,921.0,921.0,127370
2020-11-11,922.6,922.8,912.2,921.4,139191
2020-11-12,921.4,927.9,920.8,927.9,105662
2020-11-13,927.4,936.0,926.5,935.9,88246
2020-11-16,941.1,942.6,916.0,916.9,182041
2020-11-17,919.4,938.0,918.0,938.0,123134
2020-11-18,938.1,942.4,930.1,936.0,144989
2020-11-19,935.6,946.3,935.5,944.2,82152
2020-11-20,950.2,953.8,944.4,952.4,89599
2020-11-23,952.4,961.0,948.6,959.4,106418
2020-11-24,960.8,965.2,952.4,964.0,153041
2020-11-25,966.0,969.8,960.0,960.0,126335
2020-11-26,959.6,974.9,958.2,970.2,113336
2020-11-27,969.5,975.4,967.5,974.5,90372
2020-11-30,975.1,975.3,966.0,966.0,91667
2020-12-01,959.7,981.0,959.7,980.3,110596
2020-12-02,980.0,986.0,979.0,979.0,97801
2020-12-03,980.9,988.8,980.4,988.0,85272
2020-12-04,988.5,992.6,983.0,987.0,95505
2020-12-07,989.0,996.1,986.2,994.5,79740
2020-12-08,994.7,997.1,990.1,993.0,96660
2020-12-09,995.6,1008.0,995.1,1008.0,92051
2020-12-10,1007.4,1010.4,997.4,1002.0,109519
2020-12-11,1002.0,1009.3,998.6,1008.1,95164
2020-12-14,1012.3,1026.0,1012.3,1026.0,88688
2020-12-15,1026.8,1027.4,1011.2,1014.7,121821
2020-12-16,1018.8,1029.6,1017.8,1028.0,131255
2020-12-17,1024.0,1027.3,1011.6,1016.3,142721
2020-12-18,1025.6,1044.4,1025.6,1043.5,118209
2020-12-21,1043.4,1059.6,1043.4,1057.0,133410
2020-12-22,1058.9,1063.1,1050.8,1060.3,149032
2020-12-23,1063.2,1067.5,1051.0,1055.0,134500
2020-12-24,1058.3,1060.6,1026.5,1042.6,228672
2020-12-25,1044.7,1064.9,1034.5,1064.9,156373
2020-12-28,1070.1,1073.8,1056.9,1066.0,162910
2020-12-29,1066.3,1072.8,1063.3,1067.1,114663
2020-12-30,1067.4,1079.0,1064.7,1070.1,127764
2020-12-31,1072.7,1083.9,1069.2,1083.9,136739
2021-01-04,1092.7,1114.9,1092.0,1109.4,113856
2021-01-05,1106.6,1115.4,1100.2,1111.0,149921
2021-01-06,1117.6,1132.3,1114.5,1125.0,160381
2021-01-07,1133.2,1148.9,1124.3,1148.9,170169
2021-01-08,1148.5,1176.6,1147.3,1176.6,189432
2021-01-11,1181.6,1196.5,1178.2,1193.1,122051
2021-01-12,1196.6,1196.6,1184.3,1191.9,157606
2021-01-13,1194.0,1201.5,1180.0,1192.0,148345
2021-01-14,1191.7,1195.6,1182.0,1188.9,155259
2021-01-15,1192.4,1194.9,1188.5,1190.5,92311
2021-01-18,1193.5,1194.0,1177.0,1177.0,89939
2021-01-19,1178.9,1178.9,1094.7,1104.8,219394
2021-01-20,1114.2,1125.0,1070.0,1125.0,245203
2021-01-21,1130.0,1151.0,1113.0,1150.7,146400
2021-01-22,1182.0,1189.0,1168.6,1173.5,185221
2021-01-25,1172.0,1178.4,1166.5,1173.1,132538
2021-01-26,1171.5,1173.3,1115.0,1133.0,241420
2021-01-27,1126.1,1134.5,1078.3,1082.2,283822
2021-01-28,1045.0,1047.7,1006.5,1006.5,149664
2021-01-29,966.3,1076.9,966.3,1076.9,243546
2021-02-01,1068.1,1075.7,1030.0,1030.0,237031
2021-02-02,1038.9,1098.6,1031.1,1092.0,233947
2021-02-03,1099.8,1142.9,1097.1,1124.9,208299
2021-02-04,1129.3,1134.0,1107.7,1115.0,270696
2021-02-05,1125.0,1146.0,1122.2,1139.9,165836
2021-02-08,1138.5,1139.3,1080.0,1092.0,260500
2021-02-09,1099.1,1141.9,1095.0,1130.3,203704
2021-02-17,1140.5,1176.6,1140.1,1176.6,117832
2021-02-18,1183.0,1187.3,1168.3,1187.3,120131
2021-02-19,1176.0,1193.0,1169.5,1178.0,168285
2021-02-22,1182.3,1199.4,1170.0,1173.1,183570
2021-02-23,1178.3,1197.9,1176.5,1186.4,214381
2021-02-24,1191.1,1199.8,1153.5,1162.0,208243
2021-02-25,1177.0,1182.0,1160.0,1182.0,207220
2021-02-26,1161.9,1179.8,1146.6,1176.7,175151
2021-03-01,1183.5,1194.0,1182.4,1193.0,104843
2021-03-02,1198.1,1201.5,1186.1,1194.0,137512
2021-03-03,1192.9,1200.5,1190.2,1199.5,125104
2021-03-04,1195.9,1200.7,1165.1,1181.3,186086
2021-03-05,1169.0,1175.0,1160.0,1169.0,169038
2021-03-08,1180.8,1182.8,1161.0,1165.0,157416
2021-03-09,1165.0,1170.9,1149.3,1158.5,190726
2021-03-10,1161.9,1179.0,1156.3,1178.9,175676
2021-03-11,1185.0,1194.3,1184.2,1191.3,126937
2021-03-12,1192.9,1194.2,1183.5,1190.0,118929
2021-03-15,1188.8,1192.0,1186.8,1188.8,79779
2021-03-16,1191.1,1191.5,1180.2,1186.2,98266
2021-03-17,1184.1,1197.8,1183.0,1197.8,116835
2021-03-18,1204.2,1211.5,1203.5,1211.5,83601
2021-03-19,1203.2,1210.0,1199.2,1208.0,114105
2021-03-22,1208.0,1209.9,1192.4,1192.4,127426
2021-03-23,1195.7,1195.8,1180.0,1184.5,138578
2021-03-24,1178.2,1179.0,1155.3,1170.9,162190
2021-03-25,1172.0,1177.5,1158.1,1162.0,209777
2021-03-26,1164.3,1169.8,1144.9,1164.9,315981
2021-03-29,1176.8,1186.7,1167.9,1183.0,166664
2021-03-30,1182.7,1194.2,1179.2,1191.2,130595
2021-03-31,1192.5,1199.8,1189.1,1191.9,154028
2021-04-01,1193.0,1236.9,1191.8,1235.5,158449
2021-04-02,1241.3,1247.1,1232.7,1234.0,135248
2021-04-05,1241.1,1258.2,1239.5,1257.0,140627
2021-04-06,1256.8,1258.9,1246.3,1252.1,159608
2021-04-07,1249.5,1256.5,1247.9,1252.0,101647
2021-04-08,1253.1,1258.9,1241.0,1243.2,125107
2021-04-09,1244.9,1253.7,1239.1,1251.9,113707
2021-04-12,1260.1,1281.8,1257.2,1274.6,123106
2021-04-13,1280.2,1296.0,1267.0,1271.0,190747
2021-04-14,1268.0,1292.4,1265.6,1292.0,177208
2021-04-15,1294.4,1298.7,1282.0,1283.9,154811
2021-04-16,1283.5,1285.4,1256.2,1273.5,204021
2021-04-19,1276.0,1312.0,1272.1,1312.0,185665
2021-04-20,1316.0,1334.0,1282.2,1300.0,280266
2021-04-22,1302.0,1312.8,1261.2,1261.2,247552
2021-04-23,1260.0,1296.7,1249.3,1296.7,272343
2021-04-26,1297.4,1306.0,1250.0,1254.0,265871
2021-04-27,1253.8,1277.7,1253.2,1265.0,253877
2021-04-28,1268.0,1288.5,1261.0,1275.0,222974
2021-04-29,1284.2,1320.0,1282.6,1301.0,193860
2021-05-04,1278.4,1327.1,1273.4,1320.0,193972
2021-05-05,1323.2,1352.2,1320.1,1335.9,224033
2021-05-06,1340.6,1343.6,1327.6,1336.5,253034
2021-05-07,1336.0,1339.6,1315.1,1323.8,209572
2021-05-10,1323.3,1375.0,1323.0,1375.0,189654
2021-05-11,1373.5,1384.9,1348.6,1350.1,274860
2021-05-12,1347.1,1383.7,1338.4,1382.1,302367
2021-05-13,1377.9,1383.7,1361.0,1363.9,273637
2021-05-14,1372.2,1391.0,1369.2,1374.0,248354
2021-05-17,1382.1,1388.3,1365.0,1367.0,189026
2021-05-18,1372.0,1379.4,1361.6,1375.0,212394
2021-05-19,1373.3,1406.9,1373.1,1404.9,181066
2021-05-20,1407.1,1425.0,1397.1,1425.0,149062
2021-05-21,1412.4,1423.0,1407.5,1414.0,194846
2021-05-24,1415.0,1428.0,1414.3,1426.0,166655
2021-05-25,1427.0,1443.2,1423.8,1438.0,143103
2021-05-26,1439.0,1453.0,1436.8,1453.0,169576
2021-05-27,1453.0,1455.5,1425.0,1430.0,173927
2021-05-28,1434.2,1464.7,1433.8,1462.5,176803
2021-05-31,1459.9,1480.6,1443.5,1479.5,211791
2021-06-01,1485.0,1497.3,1476.1,1487.6,166167
2021-06-02,1487.5,1494.4,1469.0,1481.8,212421
2021-06-03,1486.5,1510.6,1483.1,1504.0,181274
2021-06-04,1504.7,1510.7,1496.0,1505.9,185937
2021-06-07,1507.0,1509.1,1473.0,1485.0,195761
2021-06-08,1488.1,1498.3,1412.0,1429.9,266105
2021-06-09,1439.9,1473.7,1426.2,1459.0,301935
2021-06-10,1460.5,1469.6,1438.0,1453.0,344106
2021-06-11,1458.9,1495.0,1456.5,1493.2,231157
2021-06-14,1494.2,1509.2,1485.9,1497.5,202777
2021-06-15,1498.1,1504.9,1486.2,1491.0,244831
2021-06-16,1490.7,1494.2,1461.5,1468.9,252886
2021-06-17,1462.0,1472.5,1452.1,1463.9,179293
2021-06-18,1470.0,1491.6,1469.0,1485.0,212425
2021-06-21,1476.0,1486.9,1471.3,1474.1,199586
2021-06-22,1485.4,1500.5,1485.0,1490.4,151809
2021-06-23,1492.5,1504.0,1484.4,1490.4,207102
2021-06-24,1497.6,1502.7,1478.2,1488.0,205558
2021-06-25,1496.3,1505.0,1484.1,1505.0,187228
2021-06-28,1509.1,1525.9,1507.5,1523.8,146579
2021-06-29,1524.1,1535.2,1522.4,1533.9,167492
2021-06-30,1534.0,1542.9,1528.1,1529.2,166164
2021-07-01,1532.0,1551.5,1525.7,1549.0,192481
2021-07-02,1551.0,1558.0,1547.0,1556.1,181560
2021-07-05,1560.0,1578.9,1533.5,1568.0,220816
2021-07-06,1566.0,1569.3,1501.0,1501.0,209651
2021-07-07,1514.0,1536.6,1494.0,1535.0,293790
2021-07-08,1532.5,1537.9,1501.7,1513.0,304982
2021-07-09,1509.0,1529.8,1480.0,1497.0,304132
2021-07-12,1503.0,1503.5,1402.4,1407.0,346688
2021-07-13,1442.0,1458.8,1416.0,1446.9,355237
2021-07-14,1448.5,1450.8,1395.3,1402.6,262706
2021-07-15,1410.8,1440.1,1403.1,1431.8,246696
2021-07-16,1435.5,1448.6,1434.3,1440.0,252074
2021-07-19,1414.8,1415.0,1367.8,1368.0,308084
2021-07-20,1374.0,1409.0,1358.8,1405.0,358331
2021-07-21,1411.0,1417.5,1395.1,1402.0,266534
2021-07-22,1404.6,1436.9,1402.1,1427.1,243782
2021-07-23,1424.8,1430.0,1401.0,1401.0,339320
2021-07-26,1399.9,1416.8,1383.0,1408.1,314541
2021-07-27,1413.0,1426.0,1405.3,1405.3,295627
2021-07-28,1405.0,1417.7,1400.1,1407.8,315029
2021-07-29,1416.5,1431.1,1414.0,1431.1,266397
2021-07-30,1430.6,1446.0,1427.3,1445.0,235586
2021-08-02,1446.7,1458.0,1442.6,1447.9,216811
2021-08-03,1449.7,1475.0,1447.2,1475.0,308827
2021-08-04,1472.6,1480.9,1462.0,1470.9,253070
2021-08-05,1468.0,1490.9,1466.1,1487.1,249598
2021-08-06,1487.3,1490.8,1471.5,1472.9,216366
2021-08-09,1470.0,1503.2,1468.5,1500.5,198106
2021-08-10,1501.2,1506.8,1485.8,1494.1,274461
2021-08-11,1496.0,1505.1,1486.0,1486.0,244986
2021-08-12,1486.8,1492.9,1472.4,1477.1,274294
2021-08-13,1480.0,1485.0,1464.0,1485.0,271182
2021-08-16,1485.5,1503.9,1485.5,1503.0,171376
2021-08-17,1507.8,1508.3,1488.0,1493.0,211704
2021-08-18,1495.0,1504.2,1485.2,1490.9,233286
2021-08-19,1493.0,1502.8,1484.6,1500.0,182275
2021-08-20,1492.8,1493.2,1425.1,1445.0,291240
2021-08-23,1444.4,1447.4,1409.0,1411.2,355898
2021-08-24,1415.0,1427.5,1407.5,1415.1,320767
2021-08-25,1418.2,1433.4,1410.0,1431.5,278294
2021-08-26,1430.4,1432.0,1403.0,1406.7,241560
2021-08-27,1409.5,1422.0,1390.5,1420.0,351832
2021-08-30,1423.0,1435.3,1422.5,1432.9,194331
2021-08-31,1433.5,1434.5,1421.1,1427.0,190833
2021-09-01,1427.1,1434.9,1423.1,1428.6,210501
2021-09-06,1434.0,1444.9,1431.9,1444.6,146220
2021-09-07,1445.1,1449.8,1436.5,1441.0,167859
2021-09-08,1441.7,1442.0,1428.6,1431.1,188959
2021-09-09,1430.5,1446.0,1429.8,1446.0,155263
2021-09-10,1447.2,1452.9,1443.0,1447.1,148017
2021-09-13,1445.1,1448.7,1437.2,1442.0,130805
2021-09-14,1441.0,1445.1,1434.6,1436.5,130215
2021-09-15,1437.5,1450.6,1434.9,1447.5,132636
2021-09-16,1447.9,1453.5,1445.7,1449.8,105690
2021-09-17,1444.3,1457.6,1443.4,1456.8,133478
2021-09-20,1460.0,1466.6,1452.0,1452.0,141115
2021-09-21,1446.0,1447.3,1425.4,1440.0,225424
2021-09-22,1441.4,1443.9,1433.6,1440.8,158312
2021-09-23,1447.8,1455.5,1445.6,1450.0,142685
2021-09-24,1454.6,1455.9,1446.1,1449.9,141963
2021-09-27,1452.3,1454.4,1434.0,1434.0,132794
2021-09-28,1430.0,1454.4,1429.5,1454.4,163150
2021-09-29,1449.1,1452.2,1433.4,1449.2,235946
2021-09-30,1451.0,1458.3,1448.0,1452.0,183051
2021-10-01,1441.0,1446.5,1436.0,1441.0,180114
2021-10-04,1441.0,1444.7,1434.1,1440.3,137078
2021-10-05,1437.9,1449.6,1437.9,1449.0,116988
2021-10-06,1451.2,1453.4,1447.2,1452.0,105601
2021-10-07,1457.4,1459.5,1452.8,1454.8,94204
2021-10-08,1458.0,1474.5,1457.4,1474.5,118668
2021-10-11,1475.5,1514.0,1475.5,1513.5,131487
2021-10-12,1513.5,1514.0,1499.6,1510.0,159949
2021-10-13,1513.0,1522.4,1502.1,1503.1,173438
2021-10-14,1508.5,1514.3,1500.2,1505.9,178043
2021-10-15,1510.0,1516.6,1500.5,1504.5,147369
2021-10-18,1505.1,1522.0,1505.1,1510.5,148406
2021-10-19,1511.1,1513.5,1503.2,1510.6,150410
2021-10-20,1513.0,1517.4,1480.0,1504.0,165106
2021-10-21,1507.2,1509.5,1489.0,1489.0,134876
2021-10-22,1495.2,1496.8,1485.5,1492.0,118648
2021-10-25,1495.0,1495.0,1478.0,1478.0,130955
2021-10-26,1477.0,1489.0,1468.2,1489.0,149671
2021-10-27,1488.3,1526.5,1487.9,1523.3,155486
2021-10-28,1523.3,1535.7,1517.4,1532.3,148233
2021-10-29,1532.0,1539.8,1527.0,1533.7,148152
2021-11-01,1535.0,1535.6,1518.1,1522.7,121183
2021-11-02,1522.0,1528.1,1519.0,1524.1,114360
2021-11-03,1524.9,1538.3,1520.9,1528.5,166803
2021-11-04,1530.5,1535.2,1523.3,1529.8,136853
2021-11-05,1529.3,1539.5,1526.8,1535.1,97033
2021-11-08,1537.6,1545.3,1534.0,1537.7,106262
2021-11-09,1538.1,1539.0,1521.0,1525.5,127651
2021-11-10,1525.0,1534.7,1518.7,1529.3,112979
2021-11-11,1527.6,1529.9,1507.6,1513.0,181798
2021-11-12,1514.6,1530.7,1505.3,1530.7,147968
2021-11-15,1533.0,1536.5,1522.4,1527.8,114909
2021-11-16,1527.8,1529.5,1515.0,1517.3,149679
2021-11-17,1516.9,1523.3,1514.6,1520.4,100344
2021-11-18,1521.9,1522.2,1504.1,1504.1,97134
2021-11-19,1505.8,1522.5,1488.0,1502.5,158128
2021-11-22,1503.6,1521.7,1498.5,1512.5,150039
2021-11-23,1512.6,1528.9,1509.0,1528.9,106381
2021-11-24,1533.5,1565.0,1529.6,1562.1,146245
2021-11-25,1564.5,1574.9,1561.5,1566.6,121145
2021-11-26,1564.6,1576.9,1553.6,1556.7,141489
2021-11-29,1548.0,1551.9,1536.5,1551.9,151111
2021-11-30,1556.0,1563.7,1533.3,1537.1,165031
2021-12-01,1536.9,1644.2,1531.1,1553.9,159486
2021-12-02,1549.9,1554.4,1539.6,1540.0,130690
2021-12-03,1545.0,1547.9,1509.0,1509.0,150443
2021-12-06,1508.1,1513.5,1466.1,1480.2,198268
2021-12-07,1490.0,1512.0,1488.0,1512.0,160331
2021-12-08,1515.7,1518.2,1508.8,1511.0,144500
2021-12-09,1512.8,1532.4,1510.1,1532.0,122700
2021-12-10,1531.0,1532.3,1513.1,1520.5,157801
2021-12-13,1526.9,1527.2,1516.5,1525.9,113349
2021-12-14,1523.9,1529.8,1513.6,1518.5,143404
2021-12-15,1518.5,1526.6,1514.6,1520.1,118443
2021-12-16,1525.5,1527.0,1489.9,1510.0,119549
2021-12-17,1514.0,1524.1,1512.8,1520.0,122129
2021-12-20,1512.0,1517.5,1496.7,1508.0,128827
2021-12-21,1511.0,1519.5,1509.0,1512.5,113617
2021-12-22,1515.8,1519.5,1500.0,1508.0,125182
2021-12-23,1506.7,1507.8,1476.0,1488.2,191171
2021-12-24,1488.0,1511.5,1484.6,1509.0,139845
2021-12-27,1513.5,1518.6,1501.4,1516.0,122598
2021-12-28,1518.0,1524.3,1510.0,1520.2,138787
2021-12-29,1522.0,1526.0,1517.5,1519.0,101607
2021-12-30,1518.9,1533.5,1518.2,1525.5,100162
2021-12-31,1527.9,1541.9,1527.3,1537.0,106190
2022-01-04,1544.9,1562.9,1543.1,1558.5,82662
2022-01-05,1557.6,1560.5,1548.1,1549.0,81531
2022-01-06,1544.0,1556.9,1543.7,1545.1,94315
2022-01-07,1547.9,1548.0,1533.5,1539.6,109079
2022-01-10,1540.0,1540.3,1513.1,1513.1,107206
2022-01-11,1515.0,1518.6,1499.7,1503.6,129007
2022-01-12,1500.1,1528.9,1486.3,1528.9,177165
2022-01-13,1530.1,1541.8,1522.6,1525.7,151710
2022-01-14,1519.5,1532.1,1515.1,1520.1,141848
2022-01-17,1522.9,1525.4,1478.5,1480.0,178465
2022-01-18,1475.0,1489.5,1467.5,1482.5,172136
2022-01-19,1482.9,1496.4,1477.1,1482.0,162316
2022-01-20,1483.8,1495.8,1480.5,1492.6,110314
2022-01-21,1493.0,1503.8,1490.8,1498.9,125072
2022-01-24,1496.0,1496.0,1466.1,1468.2,153877
2022-01-25,1468.7,1503.9,1465.2,1503.9,197629
2022-01-26,1510.0,1524.9,1509.1,1519.0,154409
2022-01-27,1513.3,1516.0,1499.0,1512.0,139656
2022-01-28,1518.2,1534.3,1517.1,1528.0,146392
2022-02-07,1543.9,1547.8,1530.0,1532.8,83370
2022-02-08,1532.8,1543.6,1527.8,1535.5,111985
2022-02-09,1540.0,1555.8,1540.0,1541.0,130465
2022-02-10,1544.0,1544.4,1528.6,1542.5,129404
2022-02-11,1538.9,1545.6,1535.0,1543.0,122136
2022-02-14,1535.5,1536.0,1510.1,1510.1,155300
2022-02-15,1511.1,1527.3,1511.0,1522.0,135165
2022-02-16,1528.0,1532.3,1514.5,1521.0,153863
2022-02-17,1522.0,1540.2,1521.3,1540.2,132651
2022-02-18,1525.0,1527.8,1518.5,1525.0,133830
2022-02-21,1523.2,1531.5,1521.2,1530.0,103299
2022-02-22,1517.9,1518.9,1501.4,1517.5,176629
2022-02-23,1526.1,1535.0,1524.7,1529.3,116353
2022-02-24,1520.0,1526.2,1503.0,1514.7,204453
2022-02-25,1526.0,1529.9,1517.0,1517.0,127673
2022-02-28,1511.0,1518.5,1507.6,1511.2,128372
2022-03-01,1518.0,1518.1,1512.3,1515.6,104548
2022-03-02,1512.0,1513.0,1495.9,1502.0,168709
2022-03-03,1508.5,1517.5,1502.8,1517.5,135199
2022-03-04,1514.8,1517.4,1510.0,1513.0,111671
2022-03-07,1496.0,1507.8,1496.0,1504.2,118417
2022-03-08,1498.7,1499.4,1483.3,1490.3,142855
2022-03-09,1493.8,1495.6,1486.2,1490.8,129030
2022-03-10,1500.5,1501.9,1490.0,1490.0,104782
2022-03-11,1486.6,1487.5,1471.3,1476.0,150729
2022-03-14,1475.2,1476.0,1456.0,1463.4,154070
2022-03-15,1461.5,1469.5,1458.0,1464.5,144871
2022-03-16,1471.0,1474.8,1465.2,1471.8,117998
2022-03-17,1477.7,1478.8,1468.2,1472.2,109620
2022-03-18,1477.0,1483.4,1476.0,1478.1,103666
2022-03-21,1479.7,1496.1,1479.5,1494.9,109570
2022-03-22,1498.1,1505.3,1494.1,1500.0,115791
2022-03-23,1502.7,1510.2,1495.0,1497.2,134488
2022-03-24,1495.5,1499.5,1491.0,1494.0,122344
2022-03-25,1497.1,1497.1,1488.2,1494.0,117690
2022-03-28,1489.1,1490.8,1475.5,1483.5,121944
2022-03-29,1485.5,1493.5,1484.5,1493.4,98973
2022-03-30,1489.5,1503.8,1486.1,1489.8,164555
2022-03-31,1492.0,1499.2,1490.0,1496.0,91809
2022-04-01,1493.0,1528.0,1492.2,1525.0,157140
2022-04-04,1529.4,1537.3,1526.8,1528.4,102494
2022-04-05,1526.9,1532.7,1523.6,1525.3,104939
2022-04-06,1519.0,1550.4,1517.8,1540.3,189020
2022-04-07,1543.1,1544.3,1529.7,1529.8,144546
2022-04-08,1528.4,1535.2,1523.9,1523.9,134752
2022-04-12,1525.9,1526.6,1507.6,1509.4,167740
2022-04-13,1511.4,1521.2,1511.3,1519.7,132886
2022-04-14,1522.4,1524.5,1509.1,1512.5,126371
2022-04-15,1511.8,1517.3,1492.6,1492.6,167556
2022-04-18,1494.1,1494.4,1472.0,1473.1,195995
2022-04-19,1476.3,1484.5,1449.1,1454.1,191291
2022-04-20,1456.3,1457.9,1436.5,1440.0,225358
2022-04-21,1443.9,1451.7,1424.5,1435.3,210284
2022-04-22,1441.7,1459.4,1435.0,1445.0,226792
2022-04-25,1442.9,1445.4,1346.0,1353.1,280121
2022-04-26,1356.0,1393.0,1327.2,1391.0,384319
2022-04-27,1379.0,1405.5,1359.2,1401.0,306534
2022-04-28,1399.7,1406.6,1388.1,1392.0,244675
2022-04-29,1395.0,1420.9,1389.7,1409.0,244985
2022-05-04,1408.3,1409.9,1383.0,1383.0,211096
2022-05-05,1391.0,1403.3,1372.8,1402.5,231018
2022-05-06,1382.0,1396.3,1359.4,1362.0,301145
2022-05-09,1353.1,1355.8,1301.0,1308.1,328416
2022-05-10,1299.8,1340.9,1291.2,1335.0,361497
2022-05-11,1335.0,1347.7,1318.4,1337.0,297281
2022-05-12,1334.0,1334.0,1262.6,1270.0,346301
2022-05-13,1272.0,1287.0,1215.0,1225.0,437718
2022-05-16,1240.0,1261.2,1212.0,1212.0,354410
2022-05-17,1220.0,1282.8,1204.9,1280.9,364450
2022-05-18,1280.9,1304.1,1265.6,1281.0,411543
2022-05-19,1255.0,1291.9,1252.0,1283.0,309709
2022-05-20,1283.0,1298.9,1260.0,1276.8,317068
2022-05-23,1289.0,1289.0,1238.8,1253.1,324733
2022-05-24,1253.0,1270.9,1234.1,1267.0,389658
2022-05-25,1274.8,1305.8,1268.7,1299.3,318724
2022-05-26,1302.0,1310.0,1292.1,1300.9,279325
2022-05-27,1306.1,1328.6,1305.1,1322.5,255624
2022-05-30,1329.7,1330.6,1319.7,1325.6,204050
2022-05-31,1326.2,1326.4,1310.8,1320.5,224978
2022-06-01,1318.5,1337.4,1316.0,1326.0,325936
2022-06-02,1311.0,1329.9,1311.0,1315.0,253048
2022-06-03,1318.0,1321.9,1305.7,1318.5,233505
2022-06-06,1320.7,1331.7,1315.0,1315.0,224785
2022-06-07,1315.0,1315.5,1293.4,1315.0,278664
2022-06-08,1321.0,1342.0,1320.0,1333.0,267430
2022-06-09,1332.4,1338.9,1327.6,1335.3,264559
2022-06-10,1328.3,1333.7,1311.1,1311.1,232693
2022-06-13,1284.9,1289.7,1257.7,1260.2,332829
2022-06-14,1254.8,1272.3,1250.0,1268.3,353747
2022-06-15,1268.2,1270.4,1235.6,1251.3,356993
2022-06-16,1261.0,1286.8,1260.8,1286.0,284868
2022-06-17,1247.0,1248.7,1215.5,1245.2,455234
2022-06-20,1244.8,1249.4,1212.0,1212.0,405214
2022-06-21,1216.8,1240.0,1210.5,1228.0,504516
2022-06-22,1233.7,1240.8,1216.0,1216.0,404680
2022-06-23,1222.0,1230.3,1216.3,1227.8,336908
2022-06-24,1236.0,1237.8,1226.2,1227.0,243816
2022-06-27,1236.0,1247.9,1234.1,1247.9,218952
2022-06-28,1246.0,1266.2,1242.7,1261.0,258194
2022-06-29,1255.0,1262.8,1251.1,1260.5,289583
2022-06-30,1262.0,1264.8,1240.1,1240.1,256951
2022-07-01,1241.0,1243.4,1221.6,1242.0,330352
2022-07-04,1247.0,1252.0,1238.1,1242.0,245644
2022-07-05,1248.3,1251.8,1234.6,1234.9,332002
2022-07-06,1234.8,1234.8,1214.0,1218.0,399286
2022-07-07,1215.3,1225.9,1213.1,1225.0,319336
2022-07-08,1230.5,1231.8,1223.6,1225.0,210770
2022-07-11,1221.0,1221.8,1197.8,1200.7,228673
2022-07-12,1202.0,1215.8,1202.0,1213.5,224334
2022-07-13,1215.0,1220.0,1209.6,1210.0,251969
2022-07-14,1206.8,1217.3,1204.6,1215.7,242459
2022-07-15,1219.0,1221.5,1209.5,1210.1,220851
2022-07-18,1218.2,1221.0,1212.6,1215.4,178982
2022-07-19,1213.9,1216.3,1208.1,1213.0,196929
2022-07-20,1223.5,1230.5,1221.4,1226.1,189503
2022-07-21,1225.3,1241.9,1225.2,1234.1,203851
2022-07-22,1230.5,1234.0,1223.5,1225.6,206218
2022-07-25,1221.9,1224.6,1217.2,1221.9,187038
2022-07-26,1222.1,1225.5,1217.4,1218.9,154039
2022-07-27,1216.0,1223.0,1213.0,1223.0,163110
2022-07-28,1228.8,1237.2,1228.5,1231.6,163834
2022-07-29,1236.8,1236.9,1229.2,1230.7,166959
2022-08-01,1232.1,1246.0,1231.1,1244.4,200993
2022-08-02,1244.7,1249.4,1238.3,1245.9,185605
2022-08-03,1245.4,1252.8,1242.4,1250.0,220620
2022-08-04,1256.0,1259.8,1252.2,1257.5,194586
2022-08-05,1259.0,1264.5,1254.8,1264.5,177010
2022-08-08,1263.5,1267.7,1261.4,1266.0,136420
2022-08-09,1264.5,1275.2,1264.4,1272.7,195449
2022-08-10,1270.9,1273.7,1268.7,1270.6,139136
2022-08-11,1282.7,1287.7,1268.0,1268.0,201523
2022-08-12,1267.6,1280.1,1266.3,1280.1,169096
2022-08-15,1285.2,1294.5,1284.8,1293.0,183149
2022-08-16,1296.5,1297.3,1291.5,1296.9,181155
2022-08-17,1299.8,1311.2,1298.6,1309.0,186608
2022-08-18,1307.0,1312.8,1304.7,1304.8,161249
2022-08-19,1292.1,1292.1,1276.3,1281.0,191505
2022-08-22,1275.1,1278.9,1270.3,1271.0,182035
2022-08-23,1265.7,1283.1,1264.4,1283.1,185505
2022-08-24,1282.0,1287.8,1278.4,1285.2,188363
2022-08-25,1287.1,1304.3,1287.0,1303.0,186354
2022-08-26,1305.5,1305.9,1290.2,1293.0,215709
2022-08-29,1270.5,1286.0,1264.7,1286.0,236351
2022-08-30,1288.7,1295.6,1280.6,1287.0,248343
2022-08-31,1282.0,1298.0,1278.0,1293.9,260325
2022-09-05,1294.0,1298.2,1282.7,1286.0,231030
2022-09-06,1287.8,1295.8,1286.9,1290.0,228845
2022-09-07,1283.0,1286.5,1265.0,1265.0,249186
2022-09-08,1269.5,1275.5,1263.4,1264.1,295182
2022-09-09,1269.0,1275.0,1259.7,1275.0,249410
2022-09-12,1281.0,1283.2,1275.1,1276.8,153065
2022-09-13,1278.3,1278.7,1272.0,1272.0,146366
2022-09-14,1252.0,1261.9,1250.0,1259.0,193285
2022-09-15,1261.0,1263.5,1256.7,1262.2,146921
2022-09-16,1254.1,1254.3,1233.3,1237.0,174958
2022-09-19,1238.9,1238.9,1218.0,1223.5,263620
2022-09-20,1228.0,1235.3,1221.8,1232.7,228260
2022-09-21,1228.0,1228.7,1213.7,1219.6,296408
2022-09-22,1208.0,1225.0,1204.0,1225.0,265857
2022-09-23,1221.9,1223.0,1204.4,1210.0,280782
2022-09-26,1198.5,1198.7,1173.7,1192.0,312221
2022-09-27,1190.6,1196.3,1183.2,1185.0,299829
2022-09-28,1173.7,1177.9,1161.2,1165.0,349517
2022-09-29,1176.0,1176.6,1148.0,1148.0,271480
2022-09-30,1143.3,1164.3,1137.0,1150.0,340112
2022-10-03,1145.5,1147.0,1097.0,1102.6,374580
2022-10-04,1113.5,1125.0,1094.5,1102.0,412066
2022-10-05,1113.3,1133.9,1113.3,1115.2,370445
2022-10-06,1118.2,1119.1,1080.0,1080.0,412029
2022-10-07,1065.1,1066.5,1025.5,1032.2,445509
2022-10-10,1010.9,1049.7,1008.2,1032.5,422443
2022-10-11,1024.5,1026.5,980.0,989.0,432443
2022-10-12,996.8,1038.9,995.0,1025.1,419083
2022-10-13,1027.8,1039.6,1004.6,1039.6,497483
2022-10-14,1061.9,1063.8,1044.2,1048.0,299910
2022-10-17,1036.0,1050.0,1017.4,1050.0,308081
2022-10-18,1055.3,1069.7,1049.2,1057.9,350908
2022-10-19,1058.9,1059.0,1045.9,1053.0,330140
2022-10-20,1045.6,1059.3,1040.0,1058.0,279390
2022-10-21,1038.0,1038.3,982.6,985.0,417813
2022-10-24,995.0,996.0,931.0,942.0,462274
2022-10-25,940.0,984.6,933.0,961.0,644594
2022-10-26,969.0,976.4,955.2,967.5,469159
2022-10-27,975.5,1025.0,972.1,1025.0,474283
2022-10-28,1027.3,1036.8,1013.6,1016.0,444719
2022-10-31,1023.8,1025.5,984.5,1024.0,477212
2022-11-01,1030.5,1046.6,1018.0,1018.0,472672
2022-11-02,1015.0,1028.8,1005.6,1021.0,487585
2022-11-03,1011.0,1023.8,1001.1,1001.1,392884
2022-11-04,995.2,996.1,958.6,980.0,490878
2022-11-07,981.0,990.8,950.0,950.0,429279
2022-11-08,945.6,984.7,940.1,972.1,435199
2022-11-09,978.2,987.4,956.3,959.0,410480
2022-11-10,951.0,959.3,906.2,912.8,469015
2022-11-11,932.7,959.5,931.5,938.0,533624
2022-11-14,934.1,937.5,912.7,932.0,592383
2022-11-15,926.1,926.1,885.1,895.0,533661
2022-11-16,877.0,957.6,860.8,957.6,566310
2022-11-17,953.8,973.5,950.2,972.5,291529
2022-11-18,960.1,974.9,938.5,963.0,525965
2022-11-21,969.3,970.7,938.2,938.2,443488
2022-11-22,933.0,987.0,926.0,926.0,588023
2022-11-23,932.9,948.0,916.1,924.1,541324
2022-11-24,921.0,938.9,918.2,938.9,445360
2022-11-25,946.0,969.0,945.7,969.0,363471
2022-11-28,975.0,1008.0,972.4,993.7,381418
2022-11-29,992.3,1015.5,986.8,1015.5,410334
2022-11-30,1019.8,1031.2,1010.1,1027.9,403694
2022-12-01,1041.0,1059.4,1029.0,1029.0,412958
2022-12-02,1029.0,1101.0,1025.1,1101.0,429893
2022-12-05,1108.4,1125.5,1086.7,1104.0,472082
2022-12-06,1103.0,1103.0,1046.0,1046.0,476925
2022-12-07,1040.0,1062.0,1034.6,1053.3,503186
2022-12-08,1052.3,1101.1,1051.7,1055.0,536826
2022-12-09,1059.0,1083.4,1047.3,1070.0,566748
2022-12-12,1069.0,1074.3,1035.2,1035.2,405419
2022-12-13,1039.0,1058.0,1026.1,1058.0,440197
2022-12-14,1068.0,1071.2,1050.0,1059.6,382118
2022-12-15,1059.4,1078.7,1057.0,1065.1,278440
2022-12-16,1059.1,1075.9,1054.6,1060.0,297611
2022-12-19,1056.0,1075.9,1045.0,1045.0,294108
2022-12-20,1041.5,1043.6,1007.4,1027.0,414370
2022-12-21,1030.0,1039.0,1009.5,1037.0,407633
2022-12-22,1043.5,1045.3,1026.3,1037.7,363217
2022-12-23,1031.1,1045.0,1016.6,1034.8,363886
2022-12-26,1030.3,1031.8,986.4,986.4,379274
2022-12-27,990.8,1010.0,983.5,1001.0,407814
2022-12-28,998.1,1017.7,991.0,1008.0,377420
2022-12-29,1002.5,1014.0,993.0,993.0,345408
2022-12-30,997.0,1010.2,995.3,1004.5,273078
2023-01-03,999.9,1045.5,999.8,1045.5,318203
2023-01-04,1046.5,1054.0,1039.0,1042.7,341378
2023-01-05,1044.2,1061.0,1043.6,1053.8,262657
2023-01-06,1053.2,1067.0,1046.6,1051.0,333730
2023-01-09,1059.0,1063.6,1050.2,1053.6,266050
2023-01-10,1051.1,1061.9,1047.5,1056.6,290434
2023-01-11,1061.7,1073.0,1060.7,1062.7,260766
2023-01-12,1067.0,1069.0,1056.4,1065.2,239097
2023-01-13,1070.9,1075.5,1062.3,1069.1,240686
2023-01-16,1070.7,1075.4,1064.2,1075.2,207203
2023-01-17,1081.0,1107.0,1078.5,1107.0,270101
2023-01-18,1105.0,1121.4,1103.6,1117.3,267200
2023-01-19,1114.0,1123.9,1112.8,1121.0,220815
2023-01-27,1138.9,1145.4,1123.8,1127.0,178930
2023-01-30,1125.5,1129.0,1109.8,1109.8,209140
2023-01-31,1108.5,1126.0,1097.6,1125.0,215071
2023-02-01,1129.8,1130.5,1085.0,1088.5,321317
2023-02-02,1090.0,1101.0,1078.0,1088.0,353621
2023-02-03,1093.4,1093.4,1080.1,1081.9,236022
2023-02-06,1078.0,1094.9,1068.5,1090.6,284739
2023-02-07,1091.1,1093.5,1063.0,1067.3,278669
2023-02-08,1069.3,1083.0,1065.9,1072.0,289877
2023-02-09,1068.6,1076.8,1057.0,1057.0,371900
2023-02-10,1056.5,1058.9,1044.1,1045.0,267210
2023-02-13,1042.9,1045.8,1021.8,1038.6,289504
2023-02-14,1040.8,1040.8,1027.4,1030.9,276784
2023-02-15,1030.9,1050.0,1027.7,1037.0,348395
2023-02-16,1041.0,1053.5,1039.0,1052.3,240686
2023-02-17,1051.0,1052.4,1041.0,1049.0,294696
2023-02-20,1050.0,1090.0,1050.0,1088.0,296182
2023-02-21,1089.6,1092.5,1076.1,1076.1,284158
2023-02-22,1064.8,1070.2,1043.8,1043.8,309129
2023-02-23,1045.5,1048.0,1025.2,1048.0,356692
2023-02-24,1045.0,1047.3,1017.5,1020.0,329590
2023-02-27,1017.4,1019.7,1003.1,1011.0,316893
2023-02-28,1014.5,1022.6,1006.9,1008.0,306067
2023-03-01,1003.6,1034.4,998.1,1032.0,407520
2023-03-02,1031.2,1035.8,1020.6,1024.0,336940
2023-03-03,1028.0,1032.0,1005.2,1005.2,362071
2023-03-06,1013.1,1035.7,1010.0,1010.0,374052
2023-03-07,1020.0,1040.1,1018.7,1027.9,448293
2023-03-08,1017.0,1038.0,1013.6,1038.0,358994
2023-03-09,1042.7,1057.5,1036.1,1050.7,346084
2023-03-10,1042.0,1049.8,1033.3,1049.8,336447
2023-03-13,1043.8,1054.4,1043.8,1048.0,319609
2023-03-14,1043.8,1047.2,1032.7,1037.9,273728
2023-03-15,1051.4,1068.4,1051.4,1063.0,313826
2023-03-16,1057.5,1059.3,1042.0,1043.0,292482
2023-03-17,1056.2,1057.5,1041.5,1045.1,298169
2023-03-20,1040.0,1040.0,1017.5,1022.4,291579
2023-03-21,1027.9,1031.1,1013.2,1030.5,414056
2023-03-22,1038.1,1041.5,1030.7,1034.5,369960
2023-03-23,1027.3,1039.6,1027.2,1038.9,286772
2023-03-24,1041.9,1054.0,1041.2,1043.1,318333
2023-03-27,1045.5,1052.4,1040.6,1047.3,312192
2023-03-28,1052.6,1059.7,1050.5,1051.5,307719
2023-03-29,1049.8,1056.0,1048.6,1056.0,263298
2023-03-30,1060.9,1067.2,1060.9,1064.5,244228
2023-03-31,1064.6,1075.4,1064.6,1066.0,306844
2023-04-03,1081.3,1083.0,1077.0,1083.0,219390
2023-04-04,1085.0,1085.2,1078.3,1080.2,197953
2023-04-05,1080.5,1084.1,1077.5,1084.1,148406
2023-04-06,1083.8,1086.5,1073.0,1073.0,161432
2023-04-10,1075.6,1079.5,1070.8,1072.8,163946
2023-04-11,1069.5,1078.2,1065.3,1076.0,222805
2023-04-12,1077.9,1077.9,1071.3,1075.0,187416
2023-04-13,1074.5,1075.0,1069.9,1070.0,139105
2023-04-14,1072.0,1074.7,1063.1,1063.1,209116
2023-04-17,1063.5,1064.5,1058.0,1064.5,183714
2023-04-18,1065.4,1065.5,1060.1,1063.0,159476
2023-04-19,1062.8,1063.6,1054.5,1055.0,125335
2023-04-20,1055.0,1055.4,1048.7,1053.9,149234
2023-04-21,1047.8,1047.8,1040.0,1040.0,162134
2023-04-24,1038.0,1046.8,1036.9,1040.9,205169
2023-04-25,1042.6,1044.2,1030.6,1030.7,188006
2023-04-26,1028.9,1037.7,1025.7,1037.5,222852
2023-04-27,1036.4,1039.1,1032.6,1035.0,189036
2023-04-28,1038.9,1043.5,1037.5,1042.5,166214
2023-05-04,1041.9,1042.5,1031.3,1035.0,160855
2023-05-05,1032.4,1035.9,1030.6,1033.5,167575
2023-05-08,1037.5,1042.4,1036.4,1041.8,139125
2023-05-09,1041.9,1045.9,1041.1,1042.2,121169
2023-05-10,1042.3,1052.0,1042.3,1050.6,147882
2023-05-11,1051.6,1054.9,1050.0,1051.6,137394
2023-05-12,1050.2,1064.9,1048.4,1064.9,177605
2023-05-15,1068.0,1071.7,1065.0,1066.5,141454
2023-05-16,1065.5,1069.3,1064.5,1067.0,135664
2023-05-17,1065.8,1074.7,1065.0,1065.0,171730
2023-05-18,1066.8,1076.2,1066.5,1074.2,145096
2023-05-19,1064.9,1064.9,1053.0,1062.5,230092
2023-05-22,1063.0,1067.9,1060.6,1065.3,154764
2023-05-23,1067.2,1070.5,1056.1,1059.5,177724
2023-05-24,1061.6,1063.9,1054.7,1056.1,183543
2023-05-25,1054.0,1059.2,1052.7,1057.0,164501
2023-05-26,1057.5,1058.9,1054.3,1056.5,121117
2023-05-29,1059.9,1068.5,1059.7,1068.0,129671
2023-05-30,1069.6,1070.6,1064.2,1068.2,139764
2023-05-31,1067.7,1068.5,1059.1,1062.6,132710
2023-06-01,1062.0,1065.0,1056.7,1065.0,151091
2023-06-02,1069.4,1084.5,1068.5,1078.8,212092
2023-06-05,1082.5,1091.4,1082.5,1087.2,150708
2023-06-06,1085.3,1096.4,1084.1,1096.1,154919
2023-06-07,1099.0,1100.2,1093.3,1098.0,157620
2023-06-08,1098.9,1100.4,1089.0,1089.0,146445
2023-06-09,1089.3,1095.3,1087.3,1095.3,145563
2023-06-12,1098.1,1109.0,1091.2,1108.3,157940
2023-06-13,1109.0,1116.0,1106.6,1115.5,172871
2023-06-14,1115.7,1123.5,1112.1,1112.1,184853
2023-06-15,1110.0,1117.5,1108.2,1109.3,149860
2023-06-16,1104.2,1122.6,1101.4,1102.6,245434
2023-06-19,1100.1,1104.0,1094.6,1096.5,186912
2023-06-20,1096.0,1100.0,1090.5,1100.0,161251
2023-06-21,1100.8,1115.5,1095.7,1115.5,193488
2023-06-22,1115.5,1120.5,1110.2,1114.0,178372
2023-06-23,1114.5,1122.8,1112.7,1119.1,214094
2023-06-26,1118.1,1124.1,1111.7,1123.0,217308
2023-06-27,1125.5,1125.8,1121.0,1125.2,132592
2023-06-28,1127.0,1135.1,1126.9,1132.4,139703
2023-06-29,1132.1,1132.4,1115.0,1115.0,189512
2023-06-30,1116.1,1119.9,1114.6,1117.3,151936
2023-07-03,1120.8,1122.2,1116.2,1117.5,130472
2023-07-04,1115.9,1126.7,1113.6,1123.0,159070
2023-07-05,1123.0,1130.0,1122.7,1124.0,134799
2023-07-06,1122.5,1124.0,1111.6,1116.0,163443
2023-07-07,1114.0,1125.0,1113.7,1125.0,152034
2023-07-10,1126.1,1136.5,1126.1,1136.5,157129
2023-07-11,1139.2,1144.5,1136.5,1138.0,146536
2023-07-12,1139.5,1143.3,1135.2,1141.8,164512
2023-07-13,1145.6,1155.0,1145.6,1155.0,162854
2023-07-14,1158.3,1162.1,1144.6,1162.1,180895
2023-07-17,1161.0,1166.6,1159.3,1161.8,136253
2023-07-18,1162.0,1165.0,1158.0,1165.0,143179
2023-07-19,1168.0,1170.0,1164.1,1164.1,123478
2023-07-20,1163.5,1165.5,1159.3,1165.1,123619
2023-07-21,1164.9,1184.9,1162.5,1184.9,136587
2023-07-24,1185.0,1193.9,1182.0,1191.4,136184
2023-07-25,1193.2,1198.3,1190.3,1194.0,158840
2023-07-26,1194.0,1199.0,1192.3,1197.0,117694
2023-07-27,1198.0,1199.6,1190.1,1193.8,161229
2023-07-28,1191.6,1210.0,1191.2,1210.0,189979
2023-07-31,1213.8,1234.2,1213.8,1234.2,136135
2023-08-01,1235.2,1241.9,1220.0,1220.0,169285
2023-08-02,1221.0,1228.7,1218.0,1218.0,154997
2023-08-03,1216.8,1223.8,1205.2,1208.4,191841
2023-08-04,1211.7,1234.9,1211.6,1234.6,195548
2023-08-07,1237.9,1250.2,1235.3,1250.2,190560
2023-08-08,1254.5,1254.9,1241.6,1248.0,200419
2023-08-09,1248.0,1248.8,1234.3,1240.0,203995
2023-08-10,1238.0,1242.2,1224.6,1226.0,233536
2023-08-11,1230.0,1242.1,1222.4,1239.5,247742
2023-08-14,1242.4,1245.9,1235.3,1239.1,208756
2023-08-15,1241.8,1241.8,1235.7,1241.0,148019
2023-08-16,1245.3,1259.8,1243.5,1255.3,186888
2023-08-17,1252.5,1261.7,1252.5,1253.5,152666
2023-08-18,1238.2,1240.5,1176.1,1188.0,283971
2023-08-21,1185.3,1202.7,1182.2,1190.9,297585
2023-08-22,1193.4,1199.0,1161.4,1196.0,404449
2023-08-23,1202.0,1204.6,1174.2,1180.6,358026
2023-08-24,1183.6,1204.9,1180.3,1198.0,283963
2023-08-25,1195.1,1199.5,1188.0,1194.5,263941
2023-08-28,1201.6,1214.2,1198.3,1211.0,193968
2023-08-29,1213.8,1216.2,1205.2,1211.8,191792
2023-08-30,1214.0,1225.4,1212.1,1224.2,215429
2023-08-31,1223.8,1235.3,1223.3,1233.0,182251
2023-09-05,1237.7,1246.3,1236.5,1242.5,139348
2023-09-06,1240.8,1263.0,1237.7,1263.0,198718
2023-09-07,1262.1,1265.5,1248.6,1255.2,216918
2023-09-08,1255.1,1259.2,1248.3,1249.9,189971
2023-09-11,1259.1,1261.8,1217.0,1233.0,230383
2023-09-12,1230.2,1257.0,1228.4,1257.0,226097
2023-09-13,1257.0,1260.6,1236.1,1245.0,272411
2023-09-14,1246.3,1251.8,1227.1,1235.0,286810
2023-09-15,1238.3,1244.9,1233.8,1240.5,259850
2023-09-18,1236.0,1236.0,1213.0,1222.0,256215
2023-09-19,1225.3,1229.4,1213.8,1222.0,245468
2023-09-20,1222.9,1236.6,1221.6,1231.6,195188
2023-09-21,1230.1,1232.3,1217.1,1220.6,149598
2023-09-22,1200.7,1201.7,1176.3,1192.6,324562
2023-09-25,1186.1,1195.5,1162.3,1162.5,235996
2023-09-26,1162.3,1175.3,1151.6,1151.6,380993
2023-09-27,1153.5,1164.3,1146.0,1163.7,313935
2023-09-28,1165.4,1166.4,1139.0,1162.5,369870
2023-09-29,1165.7,1173.1,1160.6,1160.6,254131
2023-10-02,1162.7,1171.7,1158.1,1166.8,206505
2023-10-03,1158.6,1158.6,1128.0,1131.3,343588
2023-10-04,1121.8,1143.5,1116.1,1132.5,302852
2023-10-05,1133.4,1136.3,1120.0,1120.0,248506
2023-10-06,1122.4,1142.2,1120.0,1138.4,240000
2023-10-09,1136.2,1147.7,1132.6,1145.0,222371
2023-10-10,1155.5,1161.5,1153.9,1157.0,193219
2023-10-11,1157.0,1166.0,1153.1,1166.0,173202
2023-10-12,1168.6,1168.9,1158.2,1161.5,161614
2023-10-13,1155.8,1163.7,1146.2,1161.1,201627
2023-10-16,1158.0,1159.8,1143.6,1146.5,190927
2023-10-17,1151.2,1158.8,1134.9,1134.9,219630
2023-10-18,1138.6,1142.5,1113.6,1125.0,264162
2023-10-19,1124.0,1125.0,1111.2,1112.0,217804
2023-10-20,1104.4,1123.0,1097.0,1117.0,264903
2023-10-23,1116.9,1117.3,1094.2,1104.9,293406
2023-10-24,1108.6,1121.3,1102.1,1112.0,276843
2023-10-25,1116.3,1122.9,1109.2,1109.2,242088
2023-10-26,1102.9,1102.9,1053.1,1060.0,427590
2023-10-27,1066.1,1069.5,1050.3,1068.5,369861
2023-10-30,1059.8,1066.5,1039.9,1039.9,285107
2023-10-31,1043.4,1053.2,1037.0,1039.7,354407
2023-11-01,1046.2,1052.0,1039.2,1047.5,316750
2023-11-02,1057.5,1087.0,1054.9,1087.0,304457
2023-11-03,1092.1,1094.7,1084.7,1087.0,283751
2023-11-06,1095.9,1106.0,1095.5,1106.0,245465
2023-11-07,1102.2,1102.8,1094.1,1095.4,225214
2023-11-08,1094.7,1136.6,1086.5,1134.0,338840
2023-11-09,1135.1,1138.9,1123.6,1125.0,310352
2023-11-10,1115.1,1123.8,1106.2,1108.5,322139
2023-11-13,1109.7,1116.2,1100.2,1107.0,283589
2023-11-14,1115.1,1123.4,1110.2,1120.0,273186
2023-11-15,1141.6,1150.6,1133.5,1134.0,277111
2023-11-16,1129.2,1132.8,1122.7,1125.1,190940
2023-11-17,1142.0,1142.0,1095.9,1105.0,358739
2023-11-20,1082.0,1117.0,1081.0,1102.0,351161
2023-11-21,1108.0,1112.5,1101.1,1111.0,289662
2023-11-22,1111.8,1114.9,1096.2,1112.0,281206
2023-11-23,1118.3,1118.3,1080.0,1080.0,302416
2023-11-24,1082.4,1086.4,1067.2,1084.9,332973
2023-11-27,1084.1,1085.0,1076.0,1076.0,211985
2023-11-28,1077.4,1091.5,1068.5,1087.0,285969
2023-11-29,1087.0,1098.7,1087.0,1092.1,208778
2023-11-30,1090.1,1098.3,1075.5,1076.0,270276
2023-12-01,1080.9,1094.7,1077.7,1090.1,251460
2023-12-04,1097.0,1115.0,1094.6,1107.0,254561
2023-12-05,1105.6,1108.4,1096.6,1099.0,217064
2023-12-06,1103.2,1111.3,1101.2,1111.1,185625
2023-12-07,1109.2,1118.0,1097.6,1112.0,367127
2023-12-08,1110.6,1119.0,1109.3,1112.0,234686
2023-12-11,1115.6,1119.6,1112.4,1117.0,158619
2023-12-12,1121.5,1122.6,1113.2,1118.8,178197
2023-12-13,1123.2,1123.2,1106.5,1107.0,205139
2023-12-14,1112.8,1113.4,1103.4,1103.9,206371
2023-12-15,1105.4,1108.5,1097.5,1099.3,223452
2023-12-18,1097.8,1099.5,1082.0,1082.0,225316
2023-12-19,1082.0,1091.3,1078.3,1091.3,227788
2023-12-20,1092.2,1097.2,1090.4,1096.1,150809
2023-12-21,1093.5,1095.9,1089.0,1094.7,131693
2023-12-22,1099.9,1100.0,1093.3,1097.7,170434
2023-12-25,1096.3,1119.2,1096.3,1115.0,179539
2023-12-26,1115.4,1121.5,1113.4,1121.5,132261
2023-12-27,1121.8,1126.2,1116.9,1116.9,135934
2023-12-28,1118.3,1135.2,1117.0,1132.9,157595
2023-12-29,1133.2,1139.5,1130.9,1134.6,160159
2024-01-02,1138.5,1141.8,1131.0,1133.5,167307
2024-01-03,1130.5,1148.3,1126.5,1148.3,173569
2024-01-04,1146.0,1171.0,1145.5,1156.5,260804
2024-01-05,1161.1,1166.0,1154.2,1166.0,199452
2024-01-08,1166.1,1173.3,1160.6,1162.0,182329
2024-01-09,1166.0,1166.0,1159.0,1163.0,149798
2024-01-10,1162.5,1170.8,1159.7,1163.1,201693
2024-01-11,1164.8,1176.2,1162.9,1168.1,208491
2024-01-12,1165.9,1169.3,1151.0,1165.9,292209
2024-01-15,1168.9,1175.3,1162.7,1162.7,168199
2024-01-16,1158.0,1172.0,1157.7,1172.0,175919
2024-01-17,1171.2,1179.6,1164.4,1166.0,228003
2024-01-18,1168.1,1177.8,1165.8,1172.8,171101
2024-01-19,1181.0,1190.0,1180.4,1190.0,188161
2024-01-22,1194.8,1196.2,1186.2,1194.0,169406
2024-01-23,1193.0,1194.5,1181.6,1184.0,179695
2024-01-24,1183.4,1190.4,1179.1,1180.7,201972
2024-01-25,1181.4,1183.9,1175.0,1180.5,182718
2024-01-26,1182.9,1188.8,1181.8,1187.0,155805
2024-01-29,1188.6,1189.5,1181.7,1183.6,114408
2024-01-30,1184.0,1187.2,1182.7,1186.0,81386
2024-01-31,1186.2,1188.5,1165.7,1171.0,177010
2024-02-01,1168.6,1180.5,1168.6,1177.2,160396
2024-02-02,1179.5,1182.3,1174.9,1181.1,132910
2024-02-05,1182.6,1211.0,1181.3,1202.5,170249
2024-02-06,1201.7,1205.8,1200.8,1203.9,111581
2024-02-07,1206.7,1219.8,1205.3,1219.0,136049
2024-02-15,1224.7,1227.8,1217.8,1217.8,103152
2024-02-16,1225.6,1232.0,1222.6,1232.0,130613
2024-02-19,1231.5,1243.8,1230.6,1240.5,146806
2024-02-20,1241.3,1243.6,1237.6,1240.2,133487
2024-02-21,1235.2,1248.3,1235.2,1240.0,195135
2024-02-22,1240.1,1242.5,1235.9,1238.0,133024
2024-02-23,1240.5,1253.9,1225.1,1225.1,271852
2024-02-26,1226.3,1231.4,1222.2,1230.3,143409
2024-02-27,1231.0,1242.5,1230.5,1241.0,179208
2024-02-28,1242.9,1266.2,1241.6,1266.2,224084
2024-02-29,1266.2,1271.4,1255.3,1262.8,218472
2024-03-01,1265.0,1268.7,1259.1,1266.8,182964
2024-03-04,1270.2,1272.0,1263.5,1268.4,155236
2024-03-05,1266.7,1278.6,1264.2,1278.5,173437
2024-03-06,1277.4,1282.0,1255.1,1266.8,248155
2024-03-07,1267.8,1278.2,1264.2,1273.4,226526
2024-03-08,1274.5,1276.0,1249.5,1253.8,341569
2024-03-11,1250.3,1254.5,1231.0,1231.0,220566
2024-03-12,1232.9,1243.0,1232.0,1239.8,228488
2024-03-13,1241.0,1273.7,1240.4,1271.3,245044
2024-03-14,1271.5,1273.0,1252.7,1260.8,253064
2024-03-15,1257.1,1266.5,1242.1,1260.0,297841
2024-03-18,1257.5,1259.4,1218.9,1230.9,349568
2024-03-19,1232.8,1235.3,1224.4,1230.0,255708
2024-03-20,1233.0,1262.0,1228.0,1255.5,289691
2024-03-21,1260.2,1275.7,1260.2,1275.7,179921
2024-03-22,1284.7,1294.2,1275.7,1284.5,270641
2024-03-25,1281.0,1287.6,1267.5,1268.9,225890
2024-03-26,1268.0,1290.3,1265.6,1285.0,210720
2024-03-27,1286.0,1289.4,1279.6,1288.0,194509
2024-03-28,1295.6,1306.9,1294.5,1306.9,196706
2024-03-29,1306.2,1307.3,1295.3,1298.1,188233
2024-04-01,1293.0,1299.4,1283.2,1290.4,223772
2024-04-02,1284.7,1291.9,1274.3,1290.0,270424
2024-04-03,1284.8,1288.0,1269.4,1271.9,241209
2024-04-04,1275.9,1280.3,1265.0,1265.0,260485
2024-04-05,1254.0,1264.8,1252.0,1252.1,229109
2024-04-08,1256.1,1259.4,1247.2,1254.2,214820
2024-04-09,1257.5,1264.3,1254.2,1264.2,167195
2024-04-10,1265.0,1272.9,1259.3,1260.1,200459
2024-04-11,1251.0,1264.8,1250.8,1263.0,193451
2024-04-12,1265.7,1286.0,1260.1,1286.0,255196
2024-04-15,1281.5,1286.8,1232.6,1236.3,310619
2024-04-16,1234.9,1237.8,1213.0,1230.0,385513
2024-04-17,1233.8,1233.9,1206.8,1214.6,244121
2024-04-19,1201.4,1211.1,1191.7,1191.7,343787
2024-04-22,1200.0,1215.3,1200.0,1205.3,276424
2024-04-23,1209.3,1212.3,1188.6,1200.6,304365
2024-04-24,1207.9,1234.5,1207.1,1230.5,297553
2024-04-25,1226.8,1230.5,1221.3,1227.0,244018
2024-04-26,1221.6,1241.0,1220.7,1232.4,326266
2024-05-02,1230.2,1242.4,1230.0,1242.4,210606
2024-05-03,1250.0,1254.9,1246.6,1249.6,194260
2024-05-06,1256.2,1275.5,1256.2,1270.0,210181
2024-05-07,1273.0,1277.5,1266.2,1276.0,205385
2024-05-08,1273.0,1279.0,1261.3,1279.0,262214
2024-05-09,1277.0,1281.9,1267.1,1269.0,235911
2024-05-10,1274.2,1280.3,1259.0,1270.4,292561
2024-05-13,1271.6,1274.6,1261.9,1266.0,198589
2024-05-14,1269.2,1279.1,1269.2,1274.4,218730
2024-05-15,1277.4,1293.4,1277.3,1286.1,202500
2024-05-16,1295.1,1311.0,1294.2,1309.8,180049
2024-05-17,1306.8,1308.2,1301.9,1307.9,176193
2024-05-20,1314.9,1319.8,1310.1,1310.1,156958
2024-05-21,1307.7,1312.1,1297.2,1312.1,176275
2024-05-22,1310.3,1312.3,1287.5,1292.2,233304
2024-05-23,1289.0,1300.0,1283.0,1300.0,240848
2024-05-24,1293.4,1303.6,1271.4,1277.7,332204
2024-05-27,1279.5,1281.9,1272.6,1276.2,199393
2024-05-28,1279.7,1292.5,1279.7,1292.5,208216
2024-05-29,1292.0,1292.3,1275.8,1277.5,248299
2024-05-30,1269.9,1271.0,1256.5,1270.0,251791
2024-05-31,1270.5,1275.2,1266.7,1270.0,202776
2024-06-03,1283.0,1298.4,1280.7,1291.5,194507
2024-06-04,1292.6,1302.6,1291.2,1295.0,204490
2024-06-05,1301.4,1309.5,1295.0,1295.0,202210
2024-06-06,1295.5,1306.2,1292.1,1298.7,244921
2024-06-07,1306.3,1309.4,1298.2,1308.0,228346
2024-06-10,1313.0,1314.0,1305.2,1310.9,170460
2024-06-11,1314.9,1315.3,1300.3,1305.0,218652
2024-06-12,1302.2,1332.0,1301.4,1330.7,233663
2024-06-13,1331.0,1338.6,1324.9,1335.0,204875
2024-06-14,1333.5,1335.9,1317.0,1317.0,204010
2024-06-17,1315.5,1315.8,1305.3,1308.0,218205
2024-06-18,1312.7,1322.4,1308.5,1308.5,221206
2024-06-19,1309.8,1325.0,1298.8,1317.0,278025
2024-06-20,1317.6,1327.8,1316.7,1323.7,217494
2024-06-21,1322.6,1323.4,1311.7,1320.9,250436
2024-06-24,1314.0,1317.3,1285.5,1290.7,295592
2024-06-25,1293.9,1294.0,1280.1,1287.7,248091
2024-06-26,1288.0,1291.8,1275.0,1290.0,247917
2024-06-27,1285.0,1291.7,1280.8,1289.0,210340
2024-06-28,1291.2,1292.8,1272.5,1274.3,233786
2024-07-01,1277.7,1285.8,1271.7,1285.0,180350
2024-07-02,1284.7,1299.0,1283.5,1295.2,227798
2024-07-03,1297.1,1309.5,1294.5,1307.0,178940
2024-07-04,1307.0,1313.3,1303.5,1308.6,169997
2024-07-05,1308.5,1316.5,1307.2,1316.3,193932
2024-07-08,1317.1,1317.9,1305.6,1314.0,180789
2024-07-09,1316.2,1321.9,1304.5,1320.5,245797
2024-07-10,1318.9,1321.9,1309.7,1310.0,208531
2024-07-11,1316.0,1317.9,1305.7,1305.7,188274
2024-07-12,1304.9,1310.0,1298.2,1300.0,207768
2024-07-15,1302.0,1305.6,1292.7,1299.0,142679
2024-07-16,1301.5,1308.7,1299.1,1302.7,179097
2024-07-17,1309.0,1321.8,1294.7,1303.2,271612
2024-07-18,1303.1,1305.0,1287.9,1297.5,208453
2024-07-19,1304.6,1311.2,1295.3,1297.1,224764
2024-07-22,1291.3,1304.4,1291.3,1300.0,271237
2024-07-23,1301.5,1303.7,1280.1,1284.2,212824
2024-07-24,1283.3,1287.4,1273.3,1283.5,251117
2024-07-25,1276.9,1278.9,1270.7,1276.6,207369
2024-07-26,1278.7,1285.0,1276.8,1285.0,164109
2024-07-29,1289.9,1294.7,1287.8,1287.8,136991
2024-07-30,1286.1,1292.4,1284.2,1292.4,174782
2024-07-31,1292.0,1304.3,1291.1,1304.3,204305
2024-08-01,1305.5,1306.2,1271.0,1275.0,254539
2024-08-02,1266.2,1277.5,1256.3,1275.9,270992
2024-08-05,1256.8,1262.8,1227.3,1233.0,365512
2024-08-06,1244.7,1256.0,1237.2,1249.6,276124
2024-08-07,1252.3,1255.5,1245.7,1250.0,240957
2024-08-08,1248.4,1251.3,1237.4,1240.1,259664
2024-08-09,1249.1,1266.2,1247.7,1264.9,245595
2024-08-12,1262.5,1270.4,1258.7,1270.0,226422
2024-08-13,1269.0,1270.1,1262.7,1267.0,197966
2024-08-14,1270.9,1273.7,1268.0,1268.0,178768
2024-08-15,1268.0,1269.7,1263.4,1267.7,113347
2024-08-16,1271.5,1289.9,1268.2,1288.0,226139
2024-08-19,1289.0,1300.6,1288.3,1298.0,193428
2024-08-20,1301.6,1308.8,1298.3,1302.0,198896
2024-08-21,1300.8,1314.5,1297.2,1312.4,222394
2024-08-22,1312.7,1316.7,1310.3,1314.2,187742
2024-08-23,1311.6,1318.7,1310.1,1315.3,182558
2024-08-26,1320.8,1323.1,1316.2,1317.0,152172
2024-08-27,1316.9,1323.7,1315.2,1321.8,155914
2024-08-28,1320.6,1324.6,1317.0,1322.1,166593
2024-08-29,1321.1,1330.1,1320.6,1326.8,165014
2024-08-30,1328.4,1334.9,1328.0,1332.7,123214
2024-09-04,1320.8,1321.5,1307.3,1314.0,174577
2024-09-05,1316.1,1318.6,1304.7,1307.7,168132
2024-09-06,1307.6,1311.3,1305.6,1309.0,150932
2024-09-09,1299.2,1308.9,1298.6,1307.7,154452
2024-09-10,1310.8,1313.6,1289.4,1294.1,201089
2024-09-11,1294.5,1297.3,1286.6,1293.0,203153
2024-09-12,1300.0,1303.1,1297.5,1297.5,161290
2024-09-13,1299.8,1300.1,1291.4,1294.1,193614
2024-09-16,1297.0,1297.4,1282.0,1282.0,168579
2024-09-17,1283.0,1305.8,1282.2,1305.8,184639
2024-09-18,1305.0,1318.5,1303.2,1311.9,217453
2024-09-19,1314.7,1320.0,1312.9,1316.9,120772
2024-09-20,1329.7,1338.3,1327.7,1330.0,176316
2024-09-23,1331.0,1332.5,1324.8,1325.5,129848
2024-09-24,1326.0,1335.1,1322.2,1335.0,165206
2024-09-25,1337.3,1349.9,1336.9,1344.0,181546
2024-09-26,1345.9,1366.5,1345.2,1356.4,224658
2024-09-27,1358.1,1363.7,1350.9,1355.5,223507
2024-09-30,1352.6,1357.0,1349.8,1357.0,142566
2024-10-01,1361.5,1374.4,1360.0,1360.0,196265
2024-10-02,1354.0,1361.3,1351.8,1357.1,183117
2024-10-03,1360.2,1376.9,1349.0,1349.0,299248
2024-10-04,1351.7,1352.4,1343.0,1343.0,205763
2024-10-07,1347.5,1349.4,1332.0,1340.0,203411
2024-10-08,1340.0,1349.4,1336.7,1341.7,223912
2024-10-09,1344.1,1358.4,1342.4,1358.3,212569
2024-10-10,1363.2,1373.4,1362.4,1366.2,208963
2024-10-11,1365.9,1368.0,1358.5,1366.6,171571
2024-10-14,1375.6,1376.8,1358.6,1359.0,210937
2024-10-15,1360.1,1369.6,1354.5,1358.0,232647
2024-10-16,1355.7,1359.4,1352.2,1354.6,172304
2024-10-17,1358.0,1361.5,1347.4,1358.3,162347
2024-10-18,1374.6,1377.9,1363.8,1365.9,257597
2024-10-21,1364.0,1369.9,1362.5,1363.9,165731
2024-10-22,1360.0,1363.3,1350.0,1352.2,195825
2024-10-23,1353.0,1355.4,1345.1,1354.0,210171
2024-10-24,1352.5,1354.1,1336.1,1338.0,233341
2024-10-25,1338.5,1339.8,1327.0,1327.2,225954
2024-10-28,1330.0,1332.3,1327.2,1332.0,130396
2024-10-29,1334.0,1341.0,1334.0,1339.4,163921
2024-10-30,1341.6,1342.7,1331.5,1342.0,186935
2024-10-31,1339.0,1347.8,1333.7,1343.5,202412
2024-11-01,1340.4,1340.4,1326.6,1330.4,215622
2024-11-04,1332.8,1332.8,1317.1,1318.5,213803
2024-11-05,1319.3,1324.0,1317.4,1319.0,141942
2024-11-06,1325.0,1341.0,1324.0,1341.0,214690
2024-11-07,1342.0,1343.6,1333.8,1334.7,190000
2024-11-08,1337.5,1340.3,1318.3,1324.0,220730
2024-11-11,1323.6,1323.6,1306.1,1320.1,233348
2024-11-12,1321.1,1323.5,1302.7,1310.0,246518
2024-11-13,1305.7,1313.1,1298.2,1307.3,265220
2024-11-14,1306.0,1309.9,1292.9,1292.9,251523
2024-11-15,1292.7,1292.7,1275.6,1275.6,253262
2024-11-18,1271.5,1280.3,1261.8,1273.2,245512
2024-11-19,1272.4,1274.8,1262.3,1262.3,264978
2024-11-20,1260.8,1280.0,1253.5,1270.0,321613
2024-11-21,1267.8,1283.4,1264.6,1281.3,215702
2024-11-22,1294.7,1301.8,1291.3,1298.0,236501
2024-11-25,1298.6,1300.9,1294.3,1298.4,178367
2024-11-26,1296.1,1311.9,1296.1,1307.0,195991
2024-11-27,1307.6,1309.0,1304.2,1307.8,143016
2024-11-28,1310.1,1318.7,1305.2,1305.5,198983
2024-11-29,1305.0,1318.5,1304.3,1318.0,207274
2024-12-02,1322.6,1323.6,1309.3,1313.5,149505
2024-12-03,1315.9,1318.3,1305.4,1314.0,223527
2024-12-04,1312.4,1312.8,1302.8,1303.0,208332
2024-12-05,1303.8,1345.3,1302.2,1345.0,297034
2024-12-06,1342.6,1348.9,1340.6,1342.0,184495
2024-12-09,1342.0,1351.3,1336.0,1339.9,168006
2024-12-10,1339.9,1345.5,1336.6,1343.0,179091
2024-12-11,1340.6,1347.7,1333.2,1338.6,186063
2024-12-12,1341.0,1351.4,1337.1,1339.5,216243
2024-12-13,1336.0,1339.1,1330.1,1335.0,193173
2024-12-16,1333.0,1338.3,1327.6,1335.0,167440
2024-12-17,1336.6,1336.6,1326.5,1331.0,175709
2024-12-18,1328.7,1335.0,1328.7,1331.0,141632
2024-12-19,1315.3,1322.0,1311.6,1312.3,171590
2024-12-20,1316.5,1321.2,1314.5,1321.2,136294
2024-12-23,1325.8,1331.3,1325.7,1328.0,112403
2024-12-24,1325.5,1328.4,1321.7,1328.0,129482
2024-12-25,1333.6,1355.6,1332.0,1350.1,214617
2024-12-26,1350.9,1351.2,1347.2,1350.7,114315
2024-12-27,1352.9,1357.5,1348.5,1348.5,122457
2024-12-30,1346.8,1347.4,1342.0,1345.2,94688
2024-12-31,1344.9,1352.1,1344.5,1345.5,134784
2025-01-02,1348.0,1351.2,1336.6,1346.9,153113
2025-01-03,1345.8,1345.8,1324.0,1324.0,172872
2025-01-06,1324.0,1331.0,1318.9,1318.9,148400
2025-01-07,1319.0,1328.0,1315.7,1318.4,174014
2025-01-08,1318.4,1322.5,1311.2,1322.5,186377
2025-01-09,1323.0,1324.9,1310.1,1314.5,186134
2025-01-10,1316.7,1317.2,1294.2,1295.6,202986
2025-01-13,1287.6,1299.5,1286.3,1299.5,181090
2025-01-14,1301.5,1301.5,1285.5,1291.2,191279
2025-01-15,1293.9,1302.4,1291.2,1296.6,201483
2025-01-16,1304.5,1309.7,1295.1,1295.1,162714
2025-01-17,1308.9,1320.8,1307.7,1320.8,183900
2025-01-20,1319.9,1326.9,1319.2,1324.5,139833
2025-01-21,1324.7,1333.2,1316.6,1322.8,181676
2025-01-22,1327.9,1328.7,1319.0,1320.5,186092
2025-01-23,1321.3,1347.7,1321.0,1339.0,234042
2025-01-24,1340.1,1346.4,1337.5,1343.9,156520
2025-02-03,1331.0,1332.0,1313.5,1318.0,177185
2025-02-04,1325.5,1331.0,1320.6,1328.5,172016
2025-02-05,1331.6,1337.8,1329.6,1333.5,160904
2025-02-06,1335.6,1344.9,1335.6,1339.9,158566
2025-02-07,1338.5,1347.4,1335.0,1343.3,170155
2025-02-10,1333.4,1337.6,1325.2,1330.5,185266
2025-02-11,1332.5,1334.1,1327.6,1334.1,143632
2025-02-12,1337.4,1342.0,1329.5,1329.5,139180
2025-02-13,1331.9,1338.5,1326.2,1337.5,181417
2025-02-14,1345.2,1350.4,1340.3,1341.8,163646
2025-02-17,1342.0,1342.1,1335.3,1335.3,120605
2025-02-18,1335.3,1348.3,1331.5,1338.9,202864
2025-02-19,1337.3,1347.1,1335.4,1344.5,177765
2025-02-20,1344.7,1352.8,1344.7,1350.0,126860
2025-02-21,1345.0,1356.2,1344.7,1353.8,166983
2025-02-24,1350.1,1366.8,1350.1,1366.3,170128
2025-02-25,1367.0,1367.0,1358.0,1359.8,157253
2025-02-26,1362.5,1363.7,1359.2,1361.9,121657
2025-02-27,1363.5,1364.0,1350.8,1364.0,170339
2025-02-28,1358.0,1360.9,1346.8,1357.0,203877
2025-03-03,1362.6,1365.6,1356.2,1361.0,158067
2025-03-04,1355.7,1369.0,1351.5,1367.0,200190
2025-03-05,1365.0,1374.0,1364.6,1365.2,168137
2025-03-06,1367.0,1376.9,1367.0,1375.4,190645
2025-03-07,1374.5,1386.7,1373.3,1385.2,178116
2025-03-10,1386.8,1394.5,1385.6,1389.4,149946
2025-03-11,1379.0,1392.0,1375.8,1392.0,189794
2025-03-12,1394.4,1395.5,1387.2,1388.5,173729
2025-03-13,1390.0,1393.4,1384.3,1385.5,201319
2025-03-14,1383.5,1393.8,1382.2,1385.0,193169
2025-03-17,1387.1,1391.7,1386.1,1390.3,129550
2025-03-18,1394.0,1395.2,1385.6,1387.5,136687
2025-03-19,1385.9,1385.9,1376.7,1377.0,170296
2025-03-20,1378.5,1382.9,1371.5,1376.5,168731
2025-03-21,1375.0,1376.4,1370.2,1373.9,140468
2025-03-24,1376.0,1390.0,1367.7,1390.0,205880
2025-03-25,1391.2,1392.3,1384.2,1386.7,163716
2025-03-26,1387.9,1393.2,1376.0,1376.9,209392
2025-03-27,1375.0,1380.1,1373.9,1374.8,170409
2025-03-28,1374.4,1376.0,1365.1,1365.1,169858
2025-03-31,1357.0,1360.2,1355.1,1360.0,133558
2025-04-01,1362.2,1367.5,1359.1,1366.0,130446
2025-04-02,1367.2,1375.0,1367.2,1371.6,139222
2025-04-03,1347.0,1347.0,1275.6,1275.6,317181
2025-04-04,1252.5,1272.0,1220.0,1267.1,430306
2025-04-08,1244.0,1247.0,1178.5,1178.5,378696
2025-04-09,1115.5,1217.0,1115.0,1178.0,580281
2025-04-10,1260.4,1260.4,1253.5,1260.4,48841
2025-04-11,1279.7,1308.0,1263.6,1307.0,334703
2025-04-14,1313.8,1320.3,1306.0,1317.0,215798
2025-04-15,1310.0,1316.6,1299.7,1307.7,275252
2025-04-16,1303.0,1313.5,1286.1,1290.0,245598
2025-04-17,1288.3,1296.0,1284.2,1296.0,210231
2025-04-18,1302.1,1318.8,1290.0,1290.0,217811
2025-04-21,1294.8,1298.6,1286.7,1291.0,226177
2025-04-22,1285.4,1296.0,1214.1,1292.0,421002
2025-04-23,1315.0,1317.3,1295.3,1301.0,313201
2025-04-24,1304.0,1312.3,1297.1,1307.0,233283
2025-04-25,1314.4,1314.8,1307.0,1311.9,197266
2025-04-28,1315.3,1315.9,1306.2,1312.0,144266
2025-04-29,1312.2,1312.5,1306.2,1306.2,118136
2025-05-05,1313.2,1318.2,1308.0,1316.4,90446
2025-05-06,1317.5,1331.4,1316.2,1317.5,170591
2025-05-07,1319.0,1326.0,1317.1,1325.0,142297
2025-05-08,1327.9,1356.5,1325.3,1355.0,194249
2025-05-09,1354.2,1357.4,1346.8,1350.5,177559
2025-05-12,1356.0,1379.0,1352.8,1374.0,217169
2025-05-13,1379.0,1380.0,1372.0,1380.0,144941
2025-05-14,1378.6,1399.0,1378.0,1396.5,237267
2025-05-15,1396.5,1402.9,1386.6,1400.7,163958
2025-05-16,1397.9,1398.9,1384.2,1384.2,195891
2025-05-19,1379.0,1392.9,1373.1,1380.1,191035
2025-05-20,1384.0,1408.8,1382.2,1408.0,237729
2025-05-21,1407.2,1423.0,1407.2,1414.5,186564
2025-05-22,1408.0,1421.9,1402.0,1402.0,216019
2025-05-23,1404.0,1409.4,1400.5,1406.5,155881
2025-05-26,1409.4,1418.0,1308.1,1416.5,262615
2025-05-27,1417.4,1420.0,1407.6,1415.5,168247
2025-05-28,1420.9,1428.8,1418.6,1421.2,173078
2025-05-29,1427.9,1430.9,1417.0,1423.7,159670
2025-05-30,1420.0,1422.5,1415.0,1419.5,119937
2025-06-02,1411.1,1418.0,1408.6,1415.1,150038
2025-06-03,1419.0,1441.0,1418.1,1434.9,190947
2025-06-04,1437.0,1437.2,1426.1,1430.0,129213
2025-06-05,1428.3,1432.0,1424.7,1427.0,118109
2025-06-06,1427.0,1427.0,1400.0,1413.6,175491
2025-06-09,1415.9,1416.6,1397.0,1397.0,149944
2025-06-10,1395.2,1411.3,1392.6,1396.9,234757
2025-06-11,1400.2,1402.8,1394.3,1401.8,159656
2025-06-12,1400.0,1426.0,1399.2,1409.2,206922
2025-06-13,1399.0,1399.9,1382.0,1395.9,262672
2025-06-16,1398.6,1416.7,1393.5,1416.7,172672
2025-06-17,1418.5,1430.2,1415.2,1421.0,188590
2025-06-18,1424.0,1433.5,1421.3,1427.4,160318
2025-06-19,1428.9,1441.0,1426.5,1440.8,146324
2025-06-20,1426.8,1429.8,1420.5,1424.2,141548
2025-06-23,1418.0,1435.6,1414.0,1433.6,191589
2025-06-24,1444.0,1461.0,1443.2,1449.0,200002
2025-06-25,1451.9,1457.6,1446.3,1450.2,159740
2025-06-26,1449.7,1457.7,1447.1,1448.8,142705
2025-06-27,1453.2,1463.5,1448.7,1460.0,175539
2025-06-30,1467.9,1469.0,1462.6,1462.6,94134
2025-07-01,1463.6,1468.7,1456.3,1459.2,148706
2025-07-02,1461.4,1471.8,1458.7,1469.7,156617
2025-07-03,1459.9,1479.3,1454.0,1471.0,220746
2025-07-04,1472.0,1474.8,1469.4,1472.2,122777
2025-07-07,1475.6,1492.9,1475.6,1492.9,173485
2025-07-08,1494.0,1512.0,1491.0,1512.0,181684
2025-07-09,1513.0,1534.5,1513.0,1533.0,245924
2025-07-10,1537.5,1639.9,1535.6,1567.9,219941
2025-07-11,1571.7,1602.5,1571.3,1595.9,249030
2025-07-14,1600.5,1608.5,1570.0,1601.2,290889
2025-07-15,1606.0,1611.8,1594.0,1594.0,172414
2025-07-16,1592.3,1619.0,1590.3,1618.0,186454
2025-07-17,1621.5,1644.5,1619.3,1638.0,205409
2025-07-18,1632.0,1638.0,1619.2,1638.0,263569
2025-07-21,1637.0,1649.0,1621.0,1624.5,260100
2025-07-22,1620.6,1655.0,1610.6,1655.0,262977
2025-07-23,1661.0,1664.5,1641.6,1653.0,278101
2025-07-24,1656.0,1657.9,1636.5,1655.5,253028
2025-07-25,1656.2,1675.1,1650.0,1673.0,220377
2025-07-28,1675.8,1693.5,1672.2,1693.0,187650
2025-07-29,1692.8,1693.8,1621.0,1621.0,368322
2025-07-30,1625.0,1634.5,1597.6,1623.3,369441
2025-07-31,1626.8,1631.6,1593.0,1607.3,372426
2025-08-01,1601.2,1615.0,1594.2,1615.0,269210
2025-08-04,1605.0,1655.0,1602.1,1653.5,278889
2025-08-05,1661.5,1737.7,1635.0,1689.6,423908
2025-08-06,1688.2,1728.0,1680.5,1719.5,352279
2025-08-07,1722.0,1739.9,1710.0,1724.8,297948
2025-08-08,1727.7,1732.2,1705.5,1723.2,268071
2025-08-11,1729.0,1745.7,1723.2,1737.5,256239
2025-08-12,1736.0,1750.6,1736.0,1749.4,222162
2025-08-13,1757.6,1759.5,1720.1,1746.0,364130
2025-08-14,1749.0,1793.0,1748.5,1793.0,308449
2025-08-15,1799.5,1813.6,1766.2,1781.0,332029
2025-08-18,1786.3,1787.6,1769.3,1780.5,226354
2025-08-19,1782.6,1839.0,1782.1,1815.9,321414
2025-08-20,1814.0,1831.2,1775.0,1831.1,429519
2025-08-21,1834.4,1878.5,1831.1,1876.9,270252
2025-08-22,1859.0,1859.9,1781.3,1805.0,549035
2025-08-25,1820.1,1825.0,1773.2,1783.0,385400
2025-08-26,1776.0,1852.0,1772.5,1852.0,375380
2025-08-27,1858.8,1869.6,1843.1,1846.4,364854
2025-08-28,1848.5,1865.0,1826.0,1862.9,382331
2025-08-29,1867.9,1878.8,1859.5,1861.0,235940
2025-09-03,1856.2,1863.1,1840.5,1855.0,259281
2025-09-04,1858.2,1883.7,1843.6,1883.1,268289
2025-09-05,1889.0,1898.0,1845.1,1845.1,291121
2025-09-08,1844.5,1844.6,1800.0,1800.0,333973
2025-09-09,1802.0,1825.0,1795.2,1825.0,353602
2025-09-10,1825.2,1830.8,1806.0,1824.8,328033
2025-09-11,1826.9,1862.1,1777.8,1853.5,503545
2025-09-12,1857.0,1871.2,1835.5,1859.0,371040
2025-09-15,1859.1,1877.6,1850.6,1876.0,258192
2025-09-16,1888.8,1895.0,1867.0,1876.0,299165
2025-09-17,1874.0,1885.0,1870.2,1873.7,246232
2025-09-18,1877.0,1877.0,1852.0,1856.6,242358
2025-09-19,1854.7,1855.7,1838.2,1848.2,283618
2025-09-22,1848.2,1852.0,1800.5,1815.1,369945
2025-09-23,1813.9,1832.6,1808.1,1812.1,287254
2025-09-24,1812.0,1875.5,1795.3,1849.0,391388
2025-09-25,1849.0,1857.9,1842.2,1849.4,230996
2025-09-26,1845.1,1864.0,1840.0,1840.0,244863
2025-09-29,1840.0,1868.0,1835.2,1855.2,268585
2025-09-30,1855.0,1864.4,1841.6,1854.4,295719
2025-10-01,1858.0,1872.3,1853.3,1864.0,217602
2025-10-02,1867.5,1881.6,1840.0,1852.8,244671
2025-10-03,1854.0,1867.8,1844.0,1856.9,264736
2025-10-06,1864.5,1920.0,1864.0,1918.6,303739
2025-10-07,1922.7,1925.8,1908.3,1911.3,212073
2025-10-08,1930.0,1944.0,1903.1,1919.0,318272
2025-10-09,1921.6,1943.6,1915.5,1936.6,300323
2025-10-10,1940.0,1975.9,1936.2,1975.9,268455
2025-10-13,1965.6,2021.0,1957.7,2013.6,276587
2025-10-14,2013.0,2041.0,2003.1,2014.2,344928
2025-10-15,2018.7,2034.0,2013.5,2022.0,281052
2025-10-16,2021.5,2026.0,2009.0,2012.7,226174
2025-10-17,2015.9,2017.5,1960.0,1968.0,280514
2025-10-20,1969.1,1969.9,1861.0,1861.0,349528
2025-10-21,1873.7,1933.0,1860.0,1900.2,495762
2025-10-22,1908.0,1926.0,1855.1,1926.0,400622
2025-10-23,1924.0,1959.0,1913.0,1943.5,365736
2025-10-24,1945.5,1954.3,1903.9,1937.4,410493
2025-10-27,1952.0,1956.6,1891.5,1891.5,411302
2025-10-28,1885.0,1947.9,1871.1,1940.9,408668
2025-10-29,1943.8,1964.7,1936.1,1947.0,273188
2025-10-30,1947.0,1948.4,1910.5,1927.0,331492
2025-10-31,1928.0,1928.0,1887.5,1892.0,341853
2025-11-03,1893.1,1915.0,1855.1,1860.0,410292
2025-11-04,1855.0,1907.7,1851.0,1898.0,365768
2025-11-05,1893.0,1899.0,1877.0,1886.0,288706
2025-11-06,1889.6,1895.5,1866.5,1866.5,326879
2025-11-07,1862.0,1864.8,1819.0,1827.8,284890
2025-11-10,1825.0,1850.5,1801.3,1801.3,290365
2025-11-11,1807.9,1838.0,1804.2,1815.0,361157
2025-11-12,1821.0,1875.9,1819.7,1870.6,294289
2025-11-13,1870.6,1878.7,1852.0,1863.0,294937
2025-11-14,1854.0,1880.0,1851.3,1869.7,235927
2025-11-17,1873.7,1896.5,1871.5,1895.2,247434
2025-11-18,1896.0,1898.0,1878.3,1898.0,262399
2025-11-19,1893.0,1896.5,1878.0,1885.8,191865
2025-11-20,1889.8,1907.9,1887.9,1898.1,200571
2025-11-21,1876.0,1893.6,1860.2,1892.4,266999
2025-11-24,1896.0,1925.0,1894.2,1911.0,218450
2025-11-25,1912.0,1922.5,1900.0,1908.1,213824
2025-11-26,1912.5,1931.0,1909.6,1924.9,252411
2025-11-27,1929.2,1934.0,1915.0,1921.0,224052
2025-11-28,1923.0,1932.0,1908.0,1923.0,205294
2025-12-01,1923.9,1939.8,1922.2,1933.2,196937
2025-12-02,1928.3,1947.0,1916.0,1947.0,255879
2025-12-03,1948.3,1981.9,1948.3,1972.0,212887
2025-12-04,1974.9,1986.1,1965.5,1977.0,211357
2025-12-05,1983.0,1986.5,1969.8,1976.5,199353
2025-12-08,1976.5,1992.6,1976.0,1984.0,191932
2025-12-09,1985.9,1987.1,1953.8,1970.0,317713
2025-12-10,1965.1,1967.9,1931.5,1935.0,271335
2025-12-11,1944.4,1944.4,1916.2,1919.1,334749
2025-12-12,1925.0,1925.9,1867.0,1871.0,309429
2025-12-15,1868.4,1887.0,1856.0,1868.5,293777
2025-12-16,1870.5,1926.8,1856.9,1912.6,402729
2025-12-17,1914.0,1918.4,1893.0,1898.1,251639
2025-12-18,1896.5,1902.0,1884.0,1899.1,206147
2025-12-19,1911.0,1942.6,1909.4,1936.9,217702
2025-12-22,1944.8,1997.3,1940.9,1997.0,238683
2025-12-23,2002.0,2025.9,1997.2,2015.0,245517
2025-12-24,2019.4,2024.9,2002.2,2022.0,280524
2025-12-25,2023.0,2048.5,1950.0,1950.0,278427
2025-12-26,1944.0,1989.7,1926.1,1969.0,420772
2025-12-29,1969.0,2004.0,1961.0,1990.2,260991
2025-12-30,1993.5,2014.1,1985.0,2014.1,269453
2025-12-31,2021.0,2037.7,2013.8,2029.0,202759
2026-01-05,2034.0,2036.1,2003.2,2024.1,229535
2026-01-06,2029.9,2065.0,2023.2,2062.0,290912
2026-01-07,2068.9,2094.4,2054.6,2088.2,262808
2026-01-08,2088.9,2109.7,2072.4,2074.0,287988
2026-01-09,2077.0,2094.0,2053.0,2061.6,327097
2026-01-12,2061.0,2082.5,2058.5,2079.7,324567
2026-01-13,2085.9,2097.4,2077.2,2084.6,255449
2026-01-14,2083.9,2090.4,2039.0,2066.6,316715
2026-01-15,2063.3,2063.3,2026.0,2039.8,314189
2026-01-16,2040.4,2098.8,2040.1,2081.2,276606
2026-01-19,2071.2,2096.2,2071.0,2088.9,237082
2026-01-20,2100.0,2115.7,2072.4,2077.5,316671
2026-01-21,2073.0,2084.0,2055.1,2078.0,331625
2026-01-22,2089.4,2099.7,2068.8,2087.0,296942
2026-01-23,2093.5,2098.9,2075.1,2076.0,253427
2026-01-26,2072.0,2076.5,2027.0,2036.0,264755
2026-01-27,2034.0,2042.5,2019.0,2022.0,267647
2026-01-28,2023.6,2032.0,1990.9,2003.8,333264
2026-01-29,2007.0,2025.1,2006.0,2025.1,231664
2026-01-30,2026.6,2042.0,2025.2,2035.0,187527
2026-02-02,2030.0,2032.9,1979.0,2004.9,305748
2026-02-03,2019.9,2024.8,2000.0,2000.0,237367
2026-02-04,1999.8,2010.0,1982.1,2010.0,300562
2026-02-05,2005.6,2009.6,1972.2,1972.2,281488
2026-02-06,1961.0,1971.8,1948.6,1951.3,290480
2026-02-09,1964.3,1970.4,1952.3,1955.7,171339
2026-02-10,1960.8,1980.0,1930.0,1966.1,283888
2026-02-11,1967.7,2018.3,1967.2,2018.0,288938
2026-02-12,2024.3,2028.0,2015.4,2021.0,131142
2026-02-13,2020.8,2022.4,2009.0,2010.5,143785
2026-02-23,2033.0,2049.1,2031.5,2044.0,128143
2026-02-24,2041.1,2046.9,2032.2,2046.5,163164
2026-02-25,2055.0,2066.8,2044.2,2046.5,211342
2026-02-26,2043.7,2077.9,2043.3,2067.1,220628
2026-02-27,2067.0,2072.5,2048.1,2053.6,205004
2026-03-02,2034.1,2050.0,2015.0,2015.0,236635
2026-03-03,2017.0,2020.0,1950.9,1952.0,320467
2026-03-04,1942.0,1956.0,1911.7,1956.0,395433
2026-03-05,1973.7,1978.8,1920.1,1924.4,317180
2026-03-06,1916.7,1936.6,1894.9,1898.9,354758
2026-03-09,1820.0,1829.8,1766.0,1766.0,294287
2026-03-10,1818.2,1844.9,1803.9,1833.0,402081
2026-03-11,1840.1,1894.5,1835.1,1883.0,367588
2026-03-12,1866.6,1869.5,1845.0,1853.0,288947
2026-03-13,1836.0,1877.5,1834.5,1840.0,323969
2026-03-16,1847.0,1858.6,1836.7,1851.3,255731
2026-03-17,1868.0,1920.0,1867.3,1877.0,284363
2026-03-18,1896.9,1909.0,1876.2,1881.9,295853
2026-03-19,1844.9,1869.0,1843.0,1858.2,249957
2026-03-20,1841.0,1841.9,1791.4,1802.0,300556
2026-03-23,1775.1,1784.8,1740.0,1740.0,304152
2026-03-24,1766.0,1780.8,1759.5,1773.9,292101
2026-03-25,1809.9,1814.0,1792.2,1814.0,239967
2026-03-26,1808.0,1809.5,1783.0,1793.0,224054
2026-03-27,1784.0,1830.9,1783.2,1821.1,255717
2026-03-30,1779.0,1830.0,1769.0,1808.4,296277
2026-03-31,1820.7,1841.0,1818.6,1823.9,276028
2026-04-01,1865.0,1881.2,1860.7,1875.8,199096
2026-04-02,1856.6,1859.9,1838.3,1853.2,204220
2026-04-03,1868.0,1872.0,1829.2,1835.4,216777
2026-04-06,1830.0,1854.5,1830.0,1845.3,268046
2026-04-07,1840.5,1857.6,1835.2,1848.2,255618
2026-04-08,1920.0,1942.0,1893.3,1942.0,291108
2026-04-09,1935.0,1942.0,1921.7,1921.7,261020
2026-04-10,1936.1,1955.8,1931.0,1931.0,222487
2026-04-13,1914.1,1936.0,1911.5,1932.2,224004
2026-04-14,1955.0,1961.8,1938.5,1946.3,221835
2026-04-15,1959.0,1964.9,1955.2,1961.0,169181
2026-04-16,1968.0,1985.0,1965.3,1980.5,160542
2026-04-17,1967.0,1997.9,1964.0,1987.9,250239
2026-04-20,1994.9,2001.8,1986.0,1997.9,201817
2026-04-21,2006.2,2025.0,1998.0,1998.0,209589
2026-04-22,1994.6,2044.8,1980.4,2040.6,322570
2026-04-23,2045.0,2048.7,1997.8,2019.2,348261
2026-04-24,2011.2,2019.0,2001.0,2015.0,259281
2026-04-28,2022.8,2044.5,2015.0,2028.0,252359
2026-04-29,2031.7,2040.0,2021.1,2028.0,180709
2026-05-04,2040.0,2053.6,2005.0,2017.9,247344
2026-05-05,2004.0,2038.8,2001.3,2038.8,247057
2026-05-06,2053.4,2066.0,2035.3,2060.0,212119
2026-05-07,2070.0,2094.2,2061.0,2080.0,264712
2026-05-08,2073.0,2084.7,2063.1,2073.4,204065
2026-05-11,2070.5,2073.3,2039.0,2039.0,207495
2026-05-12,2038.8,2050.6,2025.6,2049.0,217160
2026-05-13,2052.0,2054.8,2021.5,2039.9,254051
2026-05-14,2042.0,2065.5,2034.8,2065.1,253069
2026-05-15,2061.0,2064.0,2042.1,2053.9,191954
2026-05-18,2039.0,2056.6,2028.3,2047.5,200277
2026-05-19,2050.0,2050.1,2023.2,2030.1,235113
2026-05-20,2024.5,2040.0,2001.1,2040.0,273734
2026-05-21,2050.9,2051.9,2029.5,2031.5,174243
2026-05-22,2016.0,2019.4,1994.3,2010.0,243024
2026-05-25,2022.0,2030.8,2014.6,2022.4,166117
2026-05-26,2018.6,2034.5,2018.3,2033.0,162233
2026-05-27,2032.9,2035.8,2016.5,2024.8,196641
2026-05-28,2020.0,2028.0,1990.1,1990.1,200759
2026-05-29,1998.0,2016.0,1992.6,2005.0,208591
2026-06-01,2007.5,2007.6,1984.0,1991.0,161389
2026-06-02,1985.3,1998.6,1972.1,1972.1,181874
2026-06-03,1977.0,1995.8,1965.2,1972.4,212086
2026-06-04,1969.4,1987.0,1966.8,1982.4,177852
2026-06-05,1981.7,1986.8,1972.9,1982.0,131247
2026-06-08,1967.5,1969.7,1936.8,1937.0,199592
2026-06-09,1941.0,1952.8,1938.1,1950.3,92978
2026-06-10,1944.4,1966.7,1943.6,1961.5,187300
2026-06-11,1954.9,1956.0,1944.3,1952.8,162239
2026-06-12,1968.0,1974.7,1935.0,1939.0,193751
2026-06-15,1959.0,1970.4,1950.2,1965.2,193684
2026-06-16,1968.0,1972.0,1959.5,1964.0,125466
2026-06-17,1960.0,1965.9,1950.0,1959.9,160831
2026-06-18,1966.8,1977.9,1963.2,1971.4,140514
2026-06-19,1975.8,1976.0,1956.3,1964.0,152321
2026-06-22,1966.9,1987.9,1965.1,1984.8,156498
2026-06-23,1984.7,2012.4,1981.5,1991.4,204326
2026-06-24,1995.1,2011.7,1995.0,2009.0,201850
2026-06-25,2008.8,2011.6,2002.3,2006.4,127139
2026-06-26,2003.8,2012.0,1991.6,2012.0,175018
2026-06-29,2016.0,2018.5,2002.3,2010.0,113483
2026-06-30,2009.8,2011.3,1995.6,1997.6,118527
2026-07-01,1997.9,2017.4,1997.8,2014.0,128469
2026-07-02,2016.3,2023.5,2004.5,2009.8,143372
2026-07-03,2013.6,2015.8,2000.7,2009.0,147578
2026-07-06,2012.7,2014.8,1978.5,1995.0,143079
2026-07-07,1994.8,1999.4,1982.6,1999.0,145312
2026-07-08,1995.5,2004.7,1983.5,1999.5,171480
2026-07-09,1996.0,1998.8,1990.1,1994.3,117513
2026-07-10,1995.6,1996.0,1975.5,1976.5,137275
2026-07-13,1967.0,1971.9,1927.3,1941.5,194462
2026-07-14,1938.9,1946.5,1915.7,1943.5,225658
2026-07-15,1943.5,1945.7,1915.7,1919.1,223358
2026-07-16,1915.0,1939.0,1903.8,1936.3,224015
2026-07-17,1926.8,1935.0,1925.0,1930.0,135317
2026-07-20,1923.9,1928.0,1875.1,1893.0,223427
2026-07-21,1891.7,1907.9,1882.0,1884.5,240795
2026-07-22,1889.0,1898.2,1837.0,1837.6,300809
2026-07-23,1835.5,1863.0,1820.2,1842.7,310240
2026-07-24,1834.3,1841.7,1822.3,1835.0,214911
2026-07-27,1840.0,1859.9,1811.1,1811.1,243281
2026-07-28,1807.8,1834.9,1796.3,1824.0,266987
2026-07-29,1822.0,1852.0,1814.2,1851.0,229752
2026-07-30,1846.5,1895.9,1846.3,1884.8,233335
2026-07-31,1893.0,1897.7,1866.0,1875.0,195686
2026-08-03,1883.0,1925.0,1881.9,1914.0,205554
2026-08-04,1918.0,1926.0,1911.0,1925.0,190633
2026-08-05,1934.0,1942.0,1907.4,1913.8,218000
2026-08-06,1913.8,1922.0,1894.8,1896.0,222934
2026-08-07,1896.3,1913.9,1888.2,1890.1,229511
2026-08-10,1897.6,1936.8,1891.0,1928.6,247182
2026-08-11,1932.0,1942.8,1918.0,1924.0,230652
2026-08-12,1922.0,1952.8,1920.1,1940.0,227139
2026-08-13,1944.0,1949.3,1901.1,1901.1,220290
2026-08-14,1900.5,1915.0,1868.0,1878.8,276881
2026-08-17,1881.8,1888.0,1870.9,1880.0,200484
2026-08-18,1879.0,1897.6,1864.0,1874.0,236273
2026-08-19,1878.0,1883.0,1867.5,1880.9,204459
2026-08-20,1888.0,1903.5,1887.0,1891.1,204634
2026-08-21,1884.5,1934.2,1872.0,1934.2,280825
2026-08-24,1944.9,1953.8,1932.3,1943.0,199426
2026-08-25,1944.1,1958.5,1929.8,1939.9,267921
2026-08-26,1942.6,1976.5,1933.3,1976.5,252857
2026-08-27,1974.0,1983.5,1965.6,1980.8,197847
2026-08-28,1977.9,1994.9,1971.0,1981.5,204019
2026-09-03,1976.3,1977.9,1948.0,1955.5,225935
2026-09-04,1962.0,1992.0,1960.0,1985.6,207137
2026-09-07,1985.0,1995.6,1963.6,1964.0,223081
2026-09-08,1965.0,1968.9,1956.6,1961.0,195446
2026-09-09,1961.9,1980.8,1960.1,1966.0,208225
2026-09-10,1962.0,1988.5,1957.0,1975.5,225642
2026-09-11,1964.8,1965.4,1940.0,1940.0,220441
