date,nav
2020-05-15,1000198412.6984127
2020-05-18,1000023808.7644242
2020-05-19,998929880.6629885
2020-05-20,995462279.9250249
2020-05-21,1006400191.9964385
2020-05-22,996500951.955168
2020-05-25,1000439629.128175
2020-05-26,1001099233.9752243
2020-05-27,1001297864.7756162
2020-05-28,1001101638.9868811
2020-05-29,1005669094.0739818
2020-06-01,1007630724.7989964
2020-06-02,1003976296.7682025
2020-06-03,1013293892.4620057
2020-06-04,1014007511.8851132
2020-06-05,1013863155.0422333
2020-06-08,1016046309.9380751
2020-06-09,1011038257.2217929
2020-06-10,1011578236.241083
2020-06-11,997635459.002242
2020-06-12,997833402.5456948
2020-06-15,998031385.3636602
2020-06-16,997938837.4639307
2020-06-17,995763014.8126339
2020-06-18,994532225.7282712
2020-06-19,1004501470.2175031
2020-06-22,1004040748.2869906
2020-06-23,999570529.9433968
2020-06-24,999768857.4294966
2020-06-25,999967224.2662882
2020-06-26,1000165630.4615791
2020-06-29,1000364076.0231786
2020-06-30,1000562560.9588975
2020-07-01,1000761085.276548
2020-07-02,1000959648.9839442
2020-07-03,1001158252.0889013
2020-07-06,1000960972.5992364
2020-07-07,1001023090.0376692
2020-07-08,999761631.6110893
2020-07-09,1003571357.4665678
2020-07-10,1001238120.3946365
2020-07-13,999722962.9740798
2020-07-14,999467793.7207017
2020-07-15,999933655.5845351
2020-07-16,1000090548.5717542
2020-07-17,996960606.6885344
2020-07-20,995200912.9597027
2020-07-21,996092252.6249725
2020-07-22,995055625.6909695
2020-07-23,993288622.1643208
2020-07-24,991620421.0972899
2020-07-27,985794253.3236982
2020-07-28,988068118.8501513
2020-07-29,979250201.6832565
2020-07-30,979444497.3581936
2020-07-31,979351119.5838599
2020-08-03,979701892.4250472
2020-08-04,980533698.1576712
2020-08-05,978605410.7882581
2020-08-06,978799578.5284939
2020-08-07,978993784.7940749
2020-08-10,979188029.5926452
2020-08-11,978972776.9318501
2020-08-12,979126388.9907651
2020-08-13,979928031.5282632
2020-08-14,977850316.5503918
2020-08-17,978044334.4703423
2020-08-18,978238390.8859118
2020-08-19,978432485.8047384
2020-08-20,978626619.2344615
2020-08-21,978820791.1827223
2020-08-24,978722331.6571634
2020-08-25,982180487.873762
2020-08-26,982345676.8594513
2020-08-27,982510898.6207329
2020-08-28,980863153.1641101
2020-08-31,980769440.4960871
2020-09-01,980964037.6072966
2020-09-03,980579961.3290441
2020-09-04,981987108.940419
2020-09-07,974192283.7636214
2020-09-08,975555241.8040507
2020-09-09,976259522.2091706
2020-09-10,975979469.2096089
2020-09-11,975764865.9296902
2020-09-14,973734855.0776922
2020-09-15,972336108.1283028
2020-09-16,971131875.5703918
2020-09-17,972044823.9187193
2020-09-18,979531041.6060047
2020-09-21,993118355.5031488
2020-09-22,991083683.3514628
2020-09-23,992452025.1537151
2020-09-24,989082703.9126742
2020-09-25,996207652.2745616
2020-09-28,1010903141.0944574
2020-09-29,1002866652.0351508
2020-09-30,1007202185.1010307
2020-10-01,1016991523.2964872
2020-10-02,1017144590.6622206
2020-10-05,1017297688.3984631
2020-10-06,1015791816.5112406
2020-10-07,1011520975.0065801
2020-10-08,1008356163.89051
2020-10-09,1014173319.1690596
2020-10-12,1018017911.891117
2020-10-13,1035030526.7545874
2020-10-14,1054458163.7638642
2020-10-15,1071261822.9233412
2020-10-16,1069612504.2374133
2020-10-19,1075880207.7104764
2020-10-20,1076811933.3469267
2020-10-21,1076923681.1511621
2020-10-22,1081025451.1275811
2020-10-23,1087018243.2805827
2020-10-26,1089664057.6145668
2020-10-27,1089775894.133935
2020-10-28,1084035752.8430884
2020-10-29,1077991633.7464304
2020-10-30,1078103536.848364
2020-11-02,1079735462.1532943
2020-11-03,1078327409.6656263
2020-11-04,1079047379.3897662
2020-11-05,1090559371.3301215
2020-11-06,1096789385.4910996
2020-11-09,1114457421.8771098
2020-11-10,1103270884.4925616
2020-11-11,1103431535.8585324
2020-11-12,1096065305.0997741
2020-11-13,1086883657.9857066
2020-11-16,1084632622.2035608
2020-11-17,1093410620.1444743
2020-11-18,1093580651.8151379
2020-11-19,1093041364.222244
2020-11-20,1093258237.508796
2020-11-23,1093148885.825762
2020-11-24,1099774412.5888228
2020-11-25,1099388975.9643364
2020-11-26,1097920575.9595675
2020-11-27,1098732212.5817816
2020-11-30,1097617342.8382463
2020-12-01,1097835124.0570633
2020-12-02,1097728212.4864397
2020-12-03,1097382799.8301868
2020-12-04,1095267423.99682
2020-12-07,1096680343.9936447
2020-12-08,1096897939.2999926
2020-12-09,1097115577.7800124
2020-12-10,1097333259.4422703
2020-12-11,1097550984.2953343
2020-12-14,1097444288.3477738
2020-12-15,1098189846.3414936
2020-12-16,1100559441.1522756
2020-12-17,1096174408.787425
2020-12-18,1096391903.7098036
2020-12-21,1096609441.7859366
2020-12-22,1096827023.0243862
2020-12-23,1097044647.4337163
2020-12-24,1097262315.022493
2020-12-25,1097480025.799283
2020-12-28,1097238187.772656
2020-12-29,1094515749.317849
2020-12-30,1092467312.9585867
2020-12-31,1087759219.7111578
2021-01-04,1088660800.9055448
2021-01-05,1090459787.1755657
2021-01-06,1095224573.8396878
2021-01-07,1101081388.0408463
2021-01-08,1116045229.7845054
2021-01-11,1128221099.0761294
2021-01-12,1125350995.921184
2021-01-13,1116250157.3251367
2021-01-14,1124221337.9119077
2021-01-15,1137392552.4630804
2021-01-18,1131063800.9853945
2021-01-19,1112286283.4855902
2021-01-20,1112506975.208504
2021-01-21,1112727710.719458
2021-01-22,1112948490.0271406
2021-01-25,1112703841.1402411
2021-01-26,1112878437.9341183
2021-01-27,1115797069.3702164
2021-01-28,1098850687.4554088
2021-01-29,1098743353.3854594
2021-02-01,1089403235.2412899
2021-02-02,1089299378.6768537
2021-02-03,1091897762.6805594
2021-02-04,1088308183.2683928
2021-02-05,1092266640.4476128
2021-02-08,1082167358.2254794
2021-02-09,1081930795.971159
2021-02-17,1097569695.1370263
2021-02-18,1106523697.0606647
2021-02-19,1099685723.786272
2021-02-22,1100023775.3187692
2021-02-23,1100523851.6630785
2021-02-24,1091660592.824123
2021-02-25,1091282042.7433338
2021-02-26,1094197526.4819736
2021-03-01,1098760044.0467517
2021-03-02,1098564595.44438
2021-03-03,1103859180.6815715
2021-03-04,1102967943.76504
2021-03-05,1111454807.4443583
2021-03-08,1111553698.4775815
2021-03-09,1106354616.8701365
2021-03-10,1112966562.627452
2021-03-11,1130657535.7549574
2021-03-12,1131954180.2580833
2021-03-15,1129125872.1589284
2021-03-16,1118158584.8319757
2021-03-17,1126327318.2813473
2021-03-18,1137345224.511165
2021-03-19,1136903959.0795202
2021-03-22,1136363720.9761631
2021-03-23,1133336510.2065156
2021-03-24,1127648326.776001
2021-03-25,1122845170.690044
2021-03-26,1122938041.9540696
2021-03-29,1132509900.573505
2021-03-30,1154460185.672825
2021-03-31,1188102486.1064901
2021-04-01,1199486801.8775432
2021-04-02,1199575132.9890268
2021-04-05,1201727479.443985
2021-04-06,1202708841.245462
2021-04-07,1202000218.3965027
2021-04-08,1194960610.9001527
2021-04-09,1198991018.7594583
2021-04-12,1206601441.977466
2021-04-13,1196541912.5572238
2021-04-14,1191605690.5160644
2021-04-15,1194853483.9070399
2021-04-16,1195239292.733212
2021-04-19,1202140116.997643
2021-04-20,1200197800.7033966
2021-04-22,1197565877.6479807
2021-04-23,1191509557.0284662
2021-04-26,1203398601.5834322
2021-04-27,1204673681.266286
2021-04-28,1215464796.0839977
2021-04-29,1236137946.043538
2021-05-04,1241988131.15188
2021-05-05,1248753351.4159975
2021-05-06,1255884606.8428657
2021-05-07,1254231897.4394615
2021-05-10,1258823039.2127628
2021-05-11,1261101995.5697496
2021-05-12,1267658976.719664
2021-05-13,1269095054.667426
2021-05-14,1278055117.5750983
2021-05-17,1273656215.4158869
2021-05-18,1281884348.1967235
2021-05-19,1283890515.9245403
2021-05-20,1279857718.6062713
2021-05-21,1285323300.248852
2021-05-24,1283139435.6258855
2021-05-25,1281226598.4107318
2021-05-26,1288333788.6088293
2021-05-27,1284067006.2256167
2021-05-28,1291675867.2665343
2021-05-31,1295512343.8274999
2021-06-01,1296420855.4036562
2021-06-02,1301538402.0019507
2021-06-03,1304093983.629332
2021-06-04,1310675600.2927504
2021-06-07,1312682251.999158
2021-06-08,1309930938.755507
2021-06-09,1311937660.568752
2021-06-10,1312114417.445849
2021-06-11,1311019209.393755
2021-06-14,1308862357.8479998
2021-06-15,1286424595.7364619
2021-06-16,1289634455.1800604
2021-06-17,1300931343.7624373
2021-06-18,1314320261.4893742
2021-06-21,1312442208.366654
2021-06-22,1306529184.4000602
2021-06-23,1304630189.5953774
2021-06-24,1318562223.9583926
2021-06-25,1319997287.4948921
2021-06-28,1330155380.210665
2021-06-29,1322306236.1115003
2021-06-30,1313684389.9281893
2021-07-01,1326063562.0293653
2021-07-02,1336329752.4186568
2021-07-05,1335283961.0996923
2021-07-06,1289948643.076101
2021-07-07,1289667937.2671876
2021-07-08,1298690584.8737884
2021-07-09,1292173272.6882472
2021-07-12,1299320000.7185426
2021-07-13,1287384684.9726534
2021-07-14,1287640118.441894
2021-07-15,1287895602.5923786
2021-07-16,1288151137.4341629
2021-07-19,1288406722.9773045
2021-07-20,1288662359.2318635
2021-07-21,1288918046.2079015
2021-07-22,1289173783.9154825
2021-07-23,1289429572.3646722
2021-07-26,1289685411.5655382
2021-07-27,1289941301.5281503
2021-07-28,1290197242.2625804
2021-07-29,1290453233.7789023
2021-07-30,1290709276.0871918
2021-08-02,1290965369.1975267
2021-08-03,1290844927.1199865
2021-08-04,1289710247.4229865
2021-08-05,1293395428.2260466
2021-08-06,1284874697.8030758
2021-08-09,1294387035.243116
2021-08-10,1292205565.2897913
2021-08-11,1290731236.2352853
2021-08-12,1292640950.369459
2021-08-13,1297840707.7008815
2021-08-16,1290804152.2381237
2021-08-17,1291060264.1730917
2021-08-18,1291316426.9239197
2021-08-19,1291203400.5006902
2021-08-20,1291102960.6992023
2021-08-23,1292102564.4612458
2021-08-24,1296162211.7954643
2021-08-25,1302841902.710503
2021-08-26,1301221637.2150092
2021-08-27,1302981415.3176312
2021-08-30,1303361237.0270197
2021-08-31,1302961102.3518267
2021-09-01,1301641011.300706
2021-09-06,1302160963.8823133
2021-09-07,1300700960.1053057
2021-09-08,1300920999.9783425
2021-09-09,1307901083.5100842
2021-09-10,1309361210.7091932
2021-09-13,1306801381.584334
2021-09-14,1303641596.144172
2021-09-15,1303390090.397375
2021-09-16,1308923675.335946
2021-09-17,1300504988.763592
2021-09-20,1289125299.5391402
2021-09-21,1284620981.4398427
2021-09-22,1288006963.3806045
2021-09-23,1284737323.4923863
2021-09-24,1282092457.1200633
2021-09-27,1266407825.2028253
2021-09-28,1267176520.8110003
2021-09-29,1270560273.6524312
2021-09-30,1271139690.0559337
2021-10-01,1283998470.7484052
2021-10-04,1285170294.0560935
2021-10-05,1294741969.9874537
2021-10-06,1313131390.0211813
2021-10-07,1308435845.058884
2021-10-08,1311338335.1075068
2021-10-11,1311688860.1739964
2021-10-12,1310133420.2653008
2021-10-13,1307127015.3883693
2021-10-14,1300790070.5501528
2021-10-15,1302368216.1990714
2021-10-18,1311341404.5356188
2021-10-19,1307670635.5682647
2021-10-20,1307885909.3054807
2021-10-21,1303635225.7557397
2021-10-22,1303618584.9275167
2021-10-25,1303659986.829288
2021-10-26,1307384431.469532
2021-10-27,1321403378.8567283
2021-10-28,1334401187.4636443
2021-10-29,1345735007.9373474
2021-11-01,1333754840.2801921
2021-11-02,1334293915.4945335
2021-11-03,1328610715.8904648
2021-11-04,1317571497.0801258
2021-11-05,1322849187.6549432
2021-11-08,1320017898.8032875
2021-11-09,1305851110.5292404
2021-11-10,1302056622.321012
2021-11-11,1297754282.4444885
2021-11-12,1299383690.0402117
2021-11-15,1304403141.169188
2021-11-16,1302522635.840055
2021-11-17,1302356974.061452
2021-11-18,1299875525.127734
2021-11-19,1300695936.938275
2021-11-22,1300527586.4813185
2021-11-23,1300713866.597684
2021-11-24,1318923911.6108978
2021-11-25,1324981992.545741
2021-11-26,1321263109.4093416
2021-11-29,1321704262.2088275
2021-11-30,1317011843.9513292
2021-12-01,1314614012.7695735
2021-12-02,1310445225.2721071
2021-12-03,1297013689.4675977
2021-12-06,1297271033.4536033
2021-12-07,1297528428.4999235
2021-12-08,1297785874.6166894
2021-12-09,1298043371.814034
2021-12-10,1298300920.1020923
2021-12-13,1298558519.4910014
2021-12-14,1298816169.9909003
2021-12-15,1299073871.6119301
2021-12-16,1299331624.364234
2021-12-17,1299202034.257957
2021-12-20,1297167380.4949129
2021-12-21,1303119770.2529476
2021-12-22,1302653203.5406961
2021-12-23,1294569350.3667955
2021-12-24,1295681924.642662
2021-12-27,1297891962.2864404
2021-12-28,1297666787.675783
2021-12-29,1304331645.7685757
2021-12-30,1304167390.5713077
2021-12-31,1307751161.8789606
2022-01-04,1306025161.6174288
2022-01-05,1310413618.0383847
2022-01-06,1330088477.8832335
2022-01-07,1333755356.9463058
2022-01-10,1325744255.231414
2022-01-11,1310715088.7423728
2022-01-12,1324599957.9028375
2022-01-13,1315541067.2198818
2022-01-14,1327831195.2094095
2022-01-17,1283612991.8751256
2022-01-18,1292042704.770339
2022-01-19,1283147036.8943014
2022-01-20,1283401629.5603518
2022-01-21,1283656272.7408202
2022-01-24,1283910966.445729
2022-01-25,1284165710.6851032
2022-01-26,1283908841.4689693
2022-01-27,1282982824.9692607
2022-01-28,1288384848.9424691
2022-02-07,1287232913.396624
2022-02-08,1287385216.3397584
2022-02-09,1284382559.462048
2022-02-10,1278274345.485751
2022-02-11,1276174722.0225537
2022-02-14,1237197401.1261296
2022-02-15,1238624774.6184165
2022-02-16,1237058182.5102057
2022-02-17,1242271040.808323
2022-02-18,1251206667.800547
2022-02-21,1243527112.2981262
2022-02-22,1234230960.1458044
2022-02-23,1240259300.169643
2022-02-24,1235251257.768883
2022-02-25,1233296804.1454244
2022-02-28,1227998313.146247
2022-03-01,1229242612.613141
2022-03-02,1234821953.2108817
2022-03-03,1232938334.94763
2022-03-04,1226854480.8315482
2022-03-07,1220651467.434888
2022-03-08,1217880492.32922
2022-03-09,1210573387.5221426
2022-03-10,1210813580.6545875
2022-03-11,1211053821.4443998
2022-03-14,1211294109.9010355
2022-03-15,1211534446.0339525
2022-03-16,1211774829.85261
2022-03-17,1212015261.3664699
2022-03-18,1211893260.584995
2022-03-21,1217157755.2795556
2022-03-22,1220122290.5484602
2022-03-23,1218486866.3997595
2022-03-24,1217771482.8415055
2022-03-25,1216917083.881752
2022-03-28,1226342917.033316
2022-03-29,1231056788.247013
2022-03-30,1226937337.5303953
2022-03-31,1229381733.2719688
2022-04-01,1254924494.726983
2022-04-04,1254232274.5870478
2022-04-05,1242553798.8558152
2022-04-06,1249204882.9428897
2022-04-07,1242594004.9434736
2022-04-08,1232563202.8650894
2022-04-12,1231871285.8418484
2022-04-13,1234104410.1049123
2022-04-14,1233187575.6624727
2022-04-15,1230601057.5227232
2022-04-18,1230845224.3992157
2022-04-19,1231089439.721517
2022-04-20,1231333703.4992397
2022-04-21,1231578015.7419975
2022-04-22,1231822376.4594066
2022-04-25,1232066785.6610851
2022-04-26,1231945365.3566527
2022-04-27,1228920501.540255
2022-04-28,1225285679.0207195
2022-04-29,1231108825.8062396
2022-05-04,1231353093.4304075
2022-05-05,1231230443.5203738
2022-05-06,1231153329.9178977
2022-05-09,1229480257.5627227
2022-05-10,1234761226.4630327
2022-05-11,1236565236.6270134
2022-05-12,1232003984.0628521
2022-05-13,1232248429.2977853
2022-05-16,1232492923.033757
2022-05-17,1232737465.2803907
2022-05-18,1232982056.0473115
2022-05-19,1233226695.3441463
2022-05-20,1233471383.180524
2022-05-23,1233716119.5660758
2022-05-24,1233960904.5104342
2022-05-25,1234205738.023234
2022-05-26,1234450620.1141114
2022-05-27,1233718176.7927055
2022-05-30,1234239784.4388945
2022-05-31,1226661579.015172
2022-06-01,1230852242.8046594
2022-06-02,1221114650.59093
2022-06-03,1232281888.8152537
2022-06-06,1243891335.3804946
2022-06-07,1246091157.6692607
2022-06-08,1246396558.6926079
2022-06-09,1239924188.3669515
2022-06-10,1212207812.0154371
2022-06-13,1194988243.7241702
2022-06-14,1195225344.566179
2022-06-15,1195462492.4520056
2022-06-16,1195699687.3909843
2022-06-17,1195936929.3924508
2022-06-20,1196174218.465743
2022-06-21,1196411554.6202006
2022-06-22,1196648937.865165
2022-06-23,1196886368.2099795
2022-06-24,1197123845.6639895
2022-06-27,1197361370.236542
2022-06-28,1197598941.9369857
2022-06-29,1197836560.7746716
2022-06-30,1198074226.7589521
2022-07-01,1198311939.899182
2022-07-04,1198549700.2047176
2022-07-05,1198787507.684917
2022-07-06,1199025362.3491402
2022-07-07,1199263264.2067492
2022-07-08,1199501213.2671077
2022-07-11,1199739209.5395813
2022-07-12,1199977253.0335376
2022-07-13,1200215343.7583458
2022-07-14,1200453481.7233772
2022-07-15,1200691666.938005
2022-07-18,1200929899.4116037
2022-07-19,1201168179.1535504
2022-07-20,1201406506.1732237
2022-07-21,1201644880.480004
2022-07-22,1201883302.083274
2022-07-25,1202121770.9924173
2022-07-26,1202360287.2168205
2022-07-27,1202598850.7658715
2022-07-28,1202338085.6489599
2022-07-29,1201105287.5230966
2022-08-01,1210096886.0007796
2022-08-02,1219888730.2241926
2022-08-03,1226998592.0754275
2022-08-04,1240377395.5579824
2022-08-05,1232983532.652339
2022-08-08,1233174650.8135796
2022-08-09,1229471806.8950903
2022-08-10,1228660000.9043949
2022-08-11,1232155232.8490188
2022-08-12,1232641502.7364888
2022-08-15,1233481810.5743332
2022-08-16,1232729156.3700821
2022-08-17,1232920540.1312666
2022-08-18,1233111961.8654199
2022-08-19,1231297421.5800757
2022-08-22,1228031479.2827702
2022-08-23,1228616267.0286593
2022-08-24,1241192785.9308476
2022-08-25,1247514491.9836118
2022-08-26,1254225860.5336084
2022-08-29,1256652238.4821272
2022-08-30,1269242550.8389688
2022-08-31,1263438029.1228654
2022-09-05,1251445438.3508658
2022-09-06,1252743865.8426023
2022-09-07,1243727955.6572535
2022-09-08,1243974727.0770268
2022-09-09,1244221547.4593835
2022-09-12,1244095834.814038
2022-09-13,1242163716.7257075
2022-09-14,1240231640.2806134
2022-09-15,1241953605.4870183
2022-09-16,1238543158.3531864
2022-09-19,1234080291.5195262
2022-09-20,1234033466.180542
2022-09-21,1230896378.3444667
2022-09-22,1231140603.8163605
2022-09-23,1231384877.7456892
2022-09-26,1231629200.1420672
2022-09-27,1231873571.0151112
2022-09-28,1232117990.3744397
2022-09-29,1232362458.2296727
2022-09-30,1232606974.5904326
2022-10-03,1232851539.4663434
2022-10-04,1233096152.867031
2022-10-05,1232972892.8021238
2022-10-06,1232471030.0824418
2022-10-07,1233389208.6598392
2022-10-10,1233881428.5425096
2022-10-11,1226387467.7386491
2022-10-12,1226630798.5854228
2022-10-13,1226874177.7121263
2022-10-14,1227117605.128339
2022-10-17,1227361080.8436422
2022-10-18,1227604604.867619
2022-10-19,1227848177.2098546
2022-10-20,1228091797.879936
2022-10-21,1228335466.887452
2022-10-24,1228579184.241993
2022-10-25,1228822949.9531522
2022-10-26,1229066764.0305238
2022-10-27,1228943586.4837043
2022-10-28,1228751011.798483
2022-10-31,1235918478.2690778
2022-11-01,1248845985.903655
2022-11-02,1245613534.710382
2022-11-03,1247341124.6974277
2022-11-04,1247548755.872963
2022-11-07,1243916428.2451599
2022-11-08,1242204141.8221927
2022-11-09,1243531896.6122367
2022-11-10,1239099692.6234694
2022-11-11,1243147529.8640692
2022-11-14,1243755408.342217
2022-11-15,1240923328.0660944
2022-11-16,1253451289.0438852
2022-11-17,1267979291.2837749
2022-11-18,1261947334.79395
2022-11-21,1252155419.5825996
2022-11-22,1251163545.6579137
2022-11-23,1250765713.028084
2022-11-24,1251013880.828288
2022-11-25,1250891597.868135
2022-11-28,1250597594.6931088
2022-11-29,1267978830.3269763
2022-11-30,1276001771.9520411
2022-12-01,1254503541.5496507
2022-12-02,1292806333.1253552
2022-12-05,1300061146.683515
2022-12-06,1269532982.2284918
2022-12-07,1277330798.7646482
2022-12-08,1262638588.2088475
2022-12-09,1256864584.95254
2022-12-12,1243141118.5606651
2022-12-13,1243387773.5445065
2022-12-14,1243634477.467829
2022-12-15,1243361480.3403425
2022-12-16,1248011616.5467591
2022-12-19,1240286791.4706774
2022-12-20,1230500495.1197786
2022-12-21,1230744642.0434134
2022-12-22,1230988837.408898
2022-12-23,1231233081.2258444
2022-12-26,1231477373.5038655
2022-12-27,1231721714.2525766
2022-12-28,1231966103.481595
2022-12-29,1232210541.2005398
2022-12-30,1232455027.419032
2023-01-03,1232335886.1466947
2023-01-04,1235760318.2669618
2023-01-05,1239854791.7428083
2023-01-06,1240398306.58244
2023-01-09,1241544862.7940636
2023-01-10,1241753460.3858876
2023-01-11,1236133099.3661232
2023-01-12,1237681779.7429814
2023-01-13,1237220501.5246763
2023-01-16,1236759264.7194233
2023-01-17,1245745069.3354392
2023-01-18,1242402915.3809423
2023-01-19,1244822802.864153
2023-01-27,1249252731.7932925
2023-01-30,1246245702.1765847
2023-01-31,1245784714.022255
2023-02-01,1233950175.338529
2023-02-02,1249420204.3415725
2023-02-03,1238214271.842434
2023-02-06,1234817377.848752
2023-02-07,1226400133.3681664
2023-02-08,1226643466.7279618
2023-02-09,1226886848.3681855
2023-02-10,1227130278.2984173
2023-02-13,1227373756.5282385
2023-02-14,1227617283.0672321
2023-02-15,1227860857.9249835
2023-02-16,1228104481.1110797
2023-02-17,1228348152.6351097
2023-02-20,1227863384.5066643
2023-02-21,1229634737.559146
2023-02-22,1209425272.6102488
2023-02-23,1199219446.4500525
2023-02-24,1199457386.8164117
2023-02-27,1199695374.393161
2023-02-28,1199933409.1896677
2023-03-01,1200171491.2153006
2023-03-02,1200409620.4794307
2023-03-03,1200647796.9914305
2023-03-06,1200886020.760675
2023-03-07,1201124291.7965403
2023-03-08,1201362610.1084046
2023-03-09,1201098237.7056484
2023-03-10,1198864676.046463
2023-03-13,1198007091.7758374
2023-03-14,1184722341.6511898
2023-03-15,1182601111.1078665
2023-03-16,1180222293.4711816
2023-03-17,1183953505.8309975
2023-03-20,1175972359.1932654
2023-03-21,1177848431.0264387
2023-03-22,1177733291.11196
2023-03-23,1178795997.2094028
2023-03-24,1184038080.1453571
2023-03-27,1184236195.6374493
2023-03-28,1182576343.6921394
2023-03-29,1181765088.315888
2023-03-30,1180055274.5635695
2023-03-31,1179584458.5148718
2023-04-03,1193505567.137593
2023-04-04,1191749708.321549
2023-04-05,1191725882.0732
2023-04-06,1186318088.3990083
2023-04-07,1182535305.3054366
2023-04-10,1182769935.3263307
2023-04-11,1183004611.9008002
2023-04-12,1183239335.0380821
2023-04-13,1183474104.747415
2023-04-14,1183708921.0380394
2023-04-17,1183943783.9191978
2023-04-18,1184178693.400134
2023-04-19,1184413649.4900944
2023-04-20,1184648652.1983266
2023-04-21,1184883701.5340803
2023-04-24,1185118797.5066068
2023-04-25,1185353940.1251597
2023-04-26,1185589129.3989942
2023-04-27,1185824365.337367
2023-04-28,1186059647.9495373
2023-05-04,1186294977.2447653
2023-05-05,1186530353.2323139
2023-05-08,1186765775.9214473
2023-05-09,1187001245.3214316
2023-05-10,1186883661.441535
2023-05-11,1189328124.4695988
2023-05-12,1189711668.5456777
2023-05-15,1190796824.233881
2023-05-16,1187625010.5085306
2023-05-17,1185615835.375695
2023-05-18,1185752550.1366823
2023-05-19,1184349307.2617092
2023-05-22,1185454551.0081282
2023-05-23,1183453551.9111059
2023-05-24,1183717328.719025
2023-05-25,1184492768.8874216
2023-05-26,1183212146.1987088
2023-05-29,1183412525.9896212
2023-05-30,1185482945.5384288
2023-05-31,1185533296.8530197
2023-06-01,1185436253.9198556
2023-06-02,1188594070.573411
2023-06-05,1188482699.7540803
2023-06-06,1190307361.5992696
2023-06-07,1187561366.11546
2023-06-08,1183670317.1722288
2023-06-09,1189477729.536747
2023-06-12,1194361174.721179
2023-06-13,1198571752.7320364
2023-06-14,1194051252.8258324
2023-06-15,1190699201.6855202
2023-06-16,1192005265.693791
2023-06-19,1196079953.2465081
2023-06-20,1194322677.840406
2023-06-21,1193252621.4828348
2023-06-22,1191578004.3442402
2023-06-23,1186253642.3847847
2023-06-26,1199247710.5677977
2023-06-27,1198882616.423069
2023-06-28,1194685938.9898195
2023-06-29,1194755743.7396193
2023-06-30,1188335221.4348056
2023-07-03,1188571002.2327094
2023-07-04,1188806829.8125174
2023-07-05,1188548688.183512
2023-07-06,1183806501.81212
2023-07-07,1183963592.5069237
2023-07-10,1194591848.6940992
2023-07-11,1205671371.8783638
2023-07-12,1208761920.761673
2023-07-13,1218154495.3491259
2023-07-14,1218944095.645822
2023-07-17,1211487001.656863
2023-07-18,1208451737.768303
2023-07-19,1211223509.7400823
2023-07-20,1214340317.5793164
2023-07-21,1232989161.2931218
2023-07-24,1244000040.8886166
2023-07-25,1238602124.3729198
2023-07-26,1232735384.7150574
2023-07-27,1241256675.0691674
2023-07-28,1244937357.441205
2023-07-31,1240366846.4406972
2023-08-01,1241395607.4181657
2023-08-02,1239592766.2688437
2023-08-03,1239464966.2224684
2023-08-04,1253072207.2871952
2023-08-07,1258974489.471181
2023-08-08,1269566812.7825837
2023-08-09,1265754177.2295647
2023-08-10,1272996582.8202848
2023-08-11,1288949029.5629077
2023-08-14,1290960781.4655988
2023-08-15,1280416558.8031912
2023-08-16,1296442878.6521602
2023-08-17,1280251965.1280832
2023-08-18,1245136457.6687832
2023-08-21,1245383508.5532413
2023-08-22,1245630608.4557319
2023-08-23,1245877757.385981
2023-08-24,1246124955.3537164
2023-08-25,1246372202.3686676
2023-08-28,1246619498.440566
2023-08-29,1246866843.5791454
2023-08-30,1247114237.7941413
2023-08-31,1246841873.095291
2023-09-05,1248386746.1018574
2023-09-06,1248265815.2975125
2023-09-07,1251650913.2767382
2023-09-08,1256098416.0452456
2023-09-11,1243718172.2071593
2023-09-12,1246113798.8286288
2023-09-13,1242509924.2649045
2023-09-14,1256823983.7736871
2023-09-15,1247770223.8657057
2023-09-18,1232328207.2434568
2023-09-19,1230585618.9909258
2023-09-20,1237366483.947075
2023-09-21,1235009819.701826
2023-09-22,1224428202.999386
2023-09-25,1212281330.6428385
2023-09-26,1212521862.6528866
2023-09-27,1212762442.3875399
2023-09-28,1213003069.8562675
2023-09-29,1213243745.0685406
2023-10-02,1213484468.0338318
2023-10-03,1213725238.7616162
2023-10-04,1213966057.2613704
2023-10-05,1214206923.542573
2023-10-06,1214447837.6147044
2023-10-09,1214688799.487247
2023-10-10,1214929809.169685
2023-10-11,1215170866.6715043
2023-10-12,1215411972.002193
2023-10-13,1215653125.171241
2023-10-16,1215894326.1881402
2023-10-17,1216135575.062384
2023-10-18,1216376871.8034678
2023-10-19,1216618216.4208891
2023-10-20,1216859608.9241474
2023-10-23,1217101049.3227434
2023-10-24,1217342537.6261804
2023-10-25,1217584073.8439634
2023-10-26,1217825657.985599
2023-10-27,1218067290.0605962
2023-10-30,1218308970.0784655
2023-10-31,1218550698.0487192
2023-11-01,1218792473.9808717
2023-11-02,1218672585.8844392
2023-11-03,1221322501.873702
2023-11-06,1223784458.719312
2023-11-07,1219478456.4293752
2023-11-08,1223684589.012
2023-11-09,1230310782.5812488
2023-11-10,1225252006.942872
2023-11-13,1217848862.1029797
2023-11-14,1215947165.0518098
2023-11-15,1218540991.0766215
2023-11-16,1217328530.1621525
2023-11-17,1193346577.791153
2023-11-20,1194193692.2708735
2023-11-21,1194430635.4637845
2023-11-22,1194667625.6692336
2023-11-23,1194904662.896549
2023-11-24,1195141747.1550603
2023-11-27,1195378878.454099
2023-11-28,1195616056.8029985
2023-11-29,1195853282.2110944
2023-11-30,1196090554.6877236
2023-12-01,1196327874.2422252
2023-12-04,1196064432.88394
2023-12-05,1196252063.9222107
2023-12-06,1196981732.1888618
2023-12-07,1199337437.6912804
2023-12-08,1198211570.436854
2023-12-11,1200001123.415115
2023-12-12,1199699756.4951577
2023-12-13,1188046369.002399
2023-12-14,1190754370.26609
2023-12-15,1190942408.8316188
2023-12-18,1184887954.706387
2023-12-19,1185123051.522797
2023-12-20,1185358194.985401
2023-12-21,1185593385.1034536
2023-12-22,1185828621.8862123
2023-12-25,1186063905.3429358
2023-12-26,1185944067.482885
2023-12-27,1186144138.9248457
2023-12-28,1193556498.0635214
2023-12-29,1193195285.4639308
2024-01-02,1194398105.5602531
2024-01-03,1198918958.3589754
2024-01-04,1202187843.8665862
2024-01-05,1201344762.0895758
2024-01-08,1207689713.0344348
2024-01-09,1208642696.707656
2024-01-10,1206999713.1157327
2024-01-11,1202174954.2651606
2024-01-12,1205181235.0100543
2024-01-15,1203429555.4931912
2024-01-16,1202775915.7224557
2024-01-17,1202366315.705734
2024-01-18,1204281463.4509137
2024-01-19,1209787227.6301699
2024-01-22,1210347024.5007315
2024-01-23,1212333854.0690846
2024-01-24,1212901716.3417172
2024-01-25,1209653855.3251185
2024-01-26,1212329040.0186353
2024-01-29,1211897262.6456232
2024-01-30,1213295523.2136085
2024-01-31,1210814587.7301192
2024-02-01,1212585674.0372086
2024-02-02,1218393462.4645967
2024-02-05,1223618286.5642922
2024-02-06,1226379146.3433723
2024-02-07,1228569041.8089168
2024-02-15,1226473972.968006
2024-02-16,1228703573.8277216
2024-02-19,1254982848.9415765
2024-02-20,1260776139.5862076
2024-02-21,1257798445.764697
2024-02-22,1257263767.4801264
2024-02-23,1238233586.735579
2024-02-26,1249323300.344058
2024-02-27,1249768050.006825
2024-02-28,1253612305.7310326
2024-02-29,1245907582.0774078
2024-03-01,1251658529.0182962
2024-03-04,1254364511.662943
2024-03-05,1258030530.0184314
2024-03-06,1254248836.091848
2024-03-07,1258475061.6545644
2024-03-08,1255703312.658861
2024-03-11,1252292563.1097853
2024-03-12,1255254782.665958
2024-03-13,1266970049.5831537
2024-03-14,1267162779.7517219
2024-03-15,1264870548.1604028
2024-03-18,1257095814.8167837
2024-03-19,1248457492.4784536
2024-03-20,1245488443.29839
2024-03-21,1256462811.7990441
2024-03-22,1254446788.9442425
2024-03-25,1248830794.6563346
2024-03-26,1260822828.9409885
2024-03-27,1257815363.8038738
2024-03-28,1258458909.328438
2024-03-29,1258182049.5564795
2024-04-01,1254598451.3520265
2024-04-02,1254869404.3145962
2024-04-03,1245321747.2519603
2024-04-04,1236269270.424034
2024-04-05,1236514561.9459436
2024-04-08,1236759902.1368058
2024-04-09,1237005291.0062773
2024-04-10,1236880456.5640166
2024-04-11,1236915136.019684
2024-04-12,1237872092.8800054
2024-04-15,1214220161.7317674
2024-04-16,1215247655.684492
2024-04-17,1211053183.3939533
2024-04-19,1210558315.882722
2024-04-22,1210798506.0247622
2024-04-23,1211038743.8235767
2024-04-24,1211279029.288621
2024-04-25,1211519362.4293528
2024-04-26,1211759743.2552316
2024-05-02,1211618271.2752595
2024-05-03,1209787384.2259092
2024-05-06,1213633273.2307162
2024-05-07,1215807343.6182618
2024-05-08,1217317634.9562814
2024-05-09,1210502372.4451962
2024-05-10,1208852473.1143322
2024-05-13,1209557459.3351882
2024-05-14,1207001188.989818
2024-05-15,1207664959.0669985
2024-05-16,1208168769.57475
2024-05-17,1207871198.521094
2024-05-20,1201775162.8461976
2024-05-21,1200552920.4975557
2024-05-22,1200397959.7278132
2024-05-23,1205820691.7277594
2024-05-24,1202337687.1031022
2024-05-27,1203986715.6124482
2024-05-28,1216938281.262371
2024-05-29,1221008342.2308755
2024-05-30,1216450707.2035403
2024-05-31,1213359947.4232237
2024-06-03,1215889220.6270776
2024-06-04,1216666280.8216465
2024-06-05,1229080961.0360951
2024-06-06,1231920274.5204277
2024-06-07,1239307400.5669594
2024-06-10,1238481552.6305642
2024-06-11,1237211730.7164035
2024-06-12,1236540934.8296409
2024-06-13,1233463164.9754405
2024-06-14,1220094720.51611
2024-06-17,1225355425.2225618
2024-06-18,1233864163.4021692
2024-06-19,1234618835.0615745
2024-06-20,1235427321.45742
2024-06-21,1231279582.4338999
2024-06-24,1214647420.7954938
2024-06-25,1215961331.9345405
2024-06-26,1211372836.2305593
2024-06-27,1208146110.2060018
2024-06-28,1208791424.9104075
2024-07-01,1220876780.3518581
2024-07-02,1219296832.538436
2024-07-03,1219538756.513146
2024-07-04,1219780728.4886446
2024-07-05,1220022748.4744558
2024-07-08,1220264816.4801056
2024-07-09,1220142360.5151215
2024-07-10,1218242284.396176
2024-07-11,1220905249.1351438
2024-07-12,1219941254.740131
2024-07-15,1222136301.219246
2024-07-16,1224358298.5805988
2024-07-17,1224235332.8144443
2024-07-18,1223763937.6423836
2024-07-19,1222840583.4633446
2024-07-22,1225533270.2854602
2024-07-23,1223386547.116866
2024-07-24,1223629282.5428813
2024-07-25,1223872066.1306875
2024-07-26,1224114897.8898404
2024-07-29,1224357777.8298979
2024-07-30,1224600705.9604197
2024-07-31,1224124426.2909675
2024-08-01,1216705953.359676
2024-08-02,1221735514.461533
2024-08-05,1210987109.6032913
2024-08-06,1220739238.7917047
2024-08-07,1222785240.9978142
2024-08-08,1225031610.6884885
2024-08-09,1223198021.3255296
2024-08-12,1220038472.9170625
2024-08-13,1218893465.4712129
2024-08-14,1219135309.4127746
2024-08-15,1219012601.3392453
2024-08-16,1221456606.2839556
2024-08-19,1222626390.1344085
2024-08-20,1227892207.6721337
2024-08-21,1230545058.9038148
2024-08-22,1231123863.8361368
2024-08-23,1230530536.071025
2024-08-26,1232733921.098023
2024-08-27,1232487338.5426855
2024-08-28,1227937958.4114437
2024-08-29,1230942509.5936685
2024-08-30,1231147101.361445
2024-09-04,1236251733.722826
2024-09-05,1242456406.6858664
2024-09-06,1243361120.2586215
2024-09-09,1239265874.4491491
2024-09-10,1238470669.265508
2024-09-11,1239675504.715759
2024-09-12,1240280380.8079646
2024-09-13,1240085297.5501885
2024-09-16,1233587254.950496
2024-09-17,1233832014.3264782
2024-09-18,1234076822.2658288
2024-09-19,1234321678.7781832
2024-09-20,1234197383.873179
2024-09-23,1234405637.32236
2024-09-24,1235813932.09167
2024-09-25,1238822268.1893075
2024-09-26,1237530645.623472
2024-09-27,1236110264.4023657
2024-09-30,1234943857.7087946
2024-10-01,1235977492.4027846
2024-10-02,1236461168.492547
2024-10-03,1237769885.9862957
2024-10-04,1233857494.8922453
2024-10-07,1234102307.8872635
2024-10-08,1233830109.4562888
2024-10-09,1236289621.3827682
2024-10-10,1234217171.704471
2024-10-11,1229629876.4290156
2024-10-14,1231782878.3886247
2024-10-15,1227355918.642273
2024-10-16,1225390477.1975594
2024-10-17,1225633610.2287493
2024-10-18,1225876791.5006201
2024-10-21,1225608977.0227432
2024-10-22,1228132454.5975494
2024-10-23,1221664970.3623505
2024-10-24,1204393228.324724
2024-10-25,1204632195.2351058
2024-10-28,1204871209.5595572
2024-10-29,1205110271.3074856
2024-10-30,1205349380.4883006
2024-10-31,1205588537.1114132
2024-11-01,1205827741.1862369
2024-11-04,1206066992.7221866
2024-11-05,1206306291.7286792
2024-11-06,1206545638.2151332
2024-11-07,1206785032.1909695
2024-11-08,1207024473.6656106
2024-11-11,1206905348.6484807
2024-11-12,1205804237.2097204
2024-11-13,1203137166.2250397
2024-11-14,1198469135.7024653
2024-11-15,1195473459.6500254
2024-11-18,1195710656.7650354
2024-11-19,1195947900.942965
2024-11-20,1195830742.1931522
2024-11-21,1196032846.5070794
2024-11-22,1189264990.921069
2024-11-25,1193447895.443077
2024-11-26,1193684690.6604269
2024-11-27,1193921532.8609548
2024-11-28,1194158422.0539827
2024-11-29,1193912878.2488346
2024-12-02,1192241900.6453125
2024-12-03,1197150960.5462341
2024-12-04,1194820057.959041
2024-12-05,1203409192.8911757
2024-12-06,1204938369.3500829
2024-12-09,1200871794.0265412
2024-12-10,1202407249.1444035
2024-12-11,1204670734.7097101
2024-12-12,1202076640.7285016
2024-12-13,1201084977.3635669
2024-12-16,1201933351.367012
2024-12-17,1198921762.7462513
2024-12-18,1200310211.5087008
2024-12-19,1199458697.661778
2024-12-20,1202027221.2129016
2024-12-23,1202715782.1694913
2024-12-24,1203904380.5389695
2024-12-25,1204415422.3287587
2024-12-26,1201283548.9998558
2024-12-27,1201096706.0532289
2024-12-30,1202769893.494906
2024-12-31,1205771535.330917
2025-01-02,1205099835.2387207
2025-01-03,1199495652.5076172
2025-01-06,1199733647.6767657
2025-01-07,1199971690.0671778
2025-01-08,1200209779.688223
2025-01-09,1200447916.549272
2025-01-10,1200686100.6596985
2025-01-13,1200924332.028877
2025-01-14,1201162610.6661844
2025-01-15,1201400936.5809991
2025-01-16,1201283261.7827017
2025-01-17,1201486289.4140077
2025-01-20,1201425357.3285742
2025-01-21,1201892465.5343933
2025-01-22,1200939654.0394597
2025-01-23,1210630090.3835151
2025-01-24,1212354610.972877
2025-02-03,1194045277.4988637
2025-02-04,1196474091.0459864
2025-02-05,1202925990.1513526
2025-02-06,1202732832.8795571
2025-02-07,1204078656.481319
2025-02-10,1201872576.0560179
2025-02-11,1202789801.2099972
2025-02-12,1203396239.6626182
2025-02-13,1207263710.5435038
2025-02-14,1206150874.8590877
2025-02-17,1205008237.9294963
2025-02-18,1201311700.5560696
2025-02-19,1205120549.80618
2025-02-20,1208259677.018443
2025-02-21,1206494061.478169
2025-02-24,1208524472.2046528
2025-02-25,1204815302.203106
2025-02-26,1207261964.215448
2025-02-27,1206997892.319459
2025-02-28,1203260414.9171414
2025-03-03,1203306461.118514
2025-03-04,1199387697.4560375
2025-03-05,1196613184.3007708
2025-03-06,1200514687.7103543
2025-03-07,1215264781.6880746
2025-03-10,1228256605.2558699
2025-03-11,1228981929.0267541
2025-03-12,1234821006.9888625
2025-03-13,1259655115.12517
2025-03-14,1262875940.441663
2025-03-17,1277653196.1203222
2025-03-18,1277875951.9132032
2025-03-19,1278338722.5385828
2025-03-20,1280276257.999404
2025-03-21,1289327243.5664673
2025-03-24,1330333254.130667
2025-03-25,1331649289.6969628
2025-03-26,1327568350.2703152
2025-03-27,1341323435.8556864
2025-03-28,1346804546.4580388
2025-03-31,1340070682.082336
2025-04-01,1350311842.733543
2025-04-02,1357347028.416625
2025-04-03,1305772562.136549
2025-04-04,1305641033.9941158
2025-04-08,1294587583.7627654
2025-04-09,1294458610.3785913
2025-04-10,1308108170.0235076
2025-04-11,1309991773.033433
2025-04-14,1319756419.4169714
2025-04-15,1319975109.1827288
2025-04-16,1321303842.3393126
2025-04-17,1321522618.8953323
2025-04-18,1321741438.8593988
2025-04-21,1321960302.240125
2025-04-22,1324288209.046125
2025-04-23,1339048159.286015
2025-04-24,1348369152.968413
2025-04-25,1348028190.1019385
2025-04-28,1345570604.0285459
2025-04-29,1341263250.3785515
2025-05-05,1354910071.6583886
2025-05-06,1355125935.7599082
2025-05-07,1354775398.6916065
2025-05-08,1360650041.2310295
2025-05-09,1361857715.4455595
2025-05-12,1369552421.3414812
2025-05-13,1368602158.9250808
2025-05-14,1360340682.2026453
2025-05-15,1353898508.2824473
2025-05-16,1353439938.9388525
2025-05-19,1343556335.752134
2025-05-20,1348032943.5330372
2025-05-21,1355723273.482151
2025-05-22,1358457824.528477
2025-05-23,1360928420.5254073
2025-05-26,1376071061.4818609
2025-05-27,1378871747.406758
2025-05-28,1383520478.3090212
2025-05-29,1387575254.1975746
2025-05-30,1389630051.081344
2025-06-02,1389499562.2025902
2025-06-03,1392585110.1315987
2025-06-04,1387924694.8756723
2025-06-05,1382935846.442116
2025-06-06,1378133340.0624418
2025-06-09,1357958878.4870574
2025-06-10,1360358888.18517
2025-06-11,1359986303.5201273
2025-06-12,1359851142.072413
2025-06-13,1359630775.2355225
2025-06-16,1362156373.9607677
2025-06-17,1364255930.7809982
2025-06-18,1366785525.2117085
2025-06-19,1365050157.2603617
2025-06-20,1362353466.9344215
2025-06-23,1361907168.0191307
2025-06-24,1361958938.4810393
2025-06-25,1364656060.000579
2025-06-26,1360706402.4728014
2025-06-27,1361805774.3780541
2025-06-30,1359528909.7221766
2025-07-01,1358320157.664582
2025-07-02,1361247745.9895155
2025-07-03,1357425379.4708626
2025-07-04,1359453058.117583
2025-07-07,1361930781.9386382
2025-07-08,1362608550.942991
2025-07-09,1363107637.1396067
2025-07-10,1375100364.0517375
2025-07-11,1376380128.2112718
2025-07-14,1378307929.6255994
2025-07-15,1373626768.302112
2025-07-16,1379100644.2482038
2025-07-17,1386014557.4712691
2025-07-18,1395190507.9787037
2025-07-21,1388874495.777906
2025-07-22,1396550520.8762746
2025-07-23,1387522583.2812102
2025-07-24,1393194683.0001152
2025-07-25,1390220820.0403929
2025-07-28,1390588994.4094486
2025-07-29,1374406470.1146886
2025-07-30,1374679169.81114
2025-07-31,1374375923.614674
2025-08-01,1378047474.3931692
2025-08-04,1398231067.9396758
2025-08-05,1393834838.2626798
2025-08-06,1392566875.9290018
2025-08-07,1398235944.9520035
2025-08-08,1389342018.3379068
2025-08-11,1397235738.5796406
2025-08-12,1393602949.2261841
2025-08-13,1409802845.843094
2025-08-14,1434717901.3918724
2025-08-15,1434510229.7453232
2025-08-18,1447208577.2115426
2025-08-19,1460346315.7943227
2025-08-20,1479017926.5712662
2025-08-21,1504509056.9138398
2025-08-22,1467678009.5044973
2025-08-25,1464620751.9667006
2025-08-26,1476560529.4968526
2025-08-27,1455966901.1019115
2025-08-28,1452385558.820384
2025-08-29,1447029677.9788804
2025-09-03,1439435151.549908
2025-09-04,1439720753.762517
2025-09-05,1440006412.6422317
2025-09-08,1440292128.2002957
2025-09-09,1440577900.4479544
2025-09-10,1440863729.396456
2025-09-11,1440559931.0570505
2025-09-12,1440951066.0433712
2025-09-15,1442522172.0088558
2025-09-16,1453240311.328699
2025-09-17,1445793964.0095181
2025-09-18,1438930901.1055517
2025-09-19,1430134101.0303743
2025-09-22,1421778583.986928
2025-09-23,1422783111.4837508
2025-09-24,1421746033.5296803
2025-09-25,1422028125.9966505
2025-09-26,1422310274.434348
2025-09-29,1422170476.8538787
2025-09-30,1424689788.2580163
2025-10-01,1420770547.3429883
2025-10-02,1411744343.2849214
2025-10-03,1407835527.6704938
2025-10-06,1432155856.5450315
2025-10-07,1426774294.7705367
2025-10-08,1435287884.908388
2025-10-09,1446886558.2506316
2025-10-10,1472816444.869332
2025-10-13,1490708353.6877584
2025-10-14,1471227484.7103157
2025-10-15,1469056200.846171
2025-10-16,1474174200.2034817
2025-10-17,1459165812.9416173
2025-10-20,1440458040.8251374
2025-10-21,1440743845.9919677
2025-10-22,1441029707.8661726
2025-10-23,1441315626.4590032
2025-10-24,1441601601.7817132
2025-10-27,1441887633.845559
2025-10-28,1441614954.661798
2025-10-29,1440445556.0416913
2025-10-30,1443420203.1758265
2025-10-31,1446335536.073282
2025-11-03,1449051490.7431378
2025-11-04,1438928339.5309837
2025-11-05,1451156222.1380334
2025-11-06,1447064149.959886
2025-11-07,1450226363.005513
2025-11-10,1450514106.331506
2025-11-11,1450801906.749429
2025-11-12,1451089764.2706094
2025-11-13,1451377678.9063773
2025-11-14,1451665650.668065
2025-11-17,1451953679.567007
2025-11-18,1452241765.61454
2025-11-19,1452529908.8220034
2025-11-20,1452818109.200738
2025-11-21,1452093166.7620873
2025-11-24,1474788596.6126354
2025-11-25,1490103379.2706933
2025-11-26,1532946187.0840406
2025-11-27,1544994656.0576687
2025-11-28,1580817964.1243467
2025-12-01,1616117287.9267523
2025-12-02,1637918627.4680076
2025-12-03,1607971254.7512355
2025-12-04,1608290296.6668608
2025-12-05,1608152441.8844535
2025-12-08,1624266186.4165735
2025-12-09,1636219985.2630847
2025-12-10,1618573838.434764
2025-12-11,1614367745.94239
2025-12-12,1610750507.7967436
2025-12-15,1611070101.1514652
2025-12-16,1611389757.9175668
2025-12-17,1611709478.1076298
2025-12-18,1612029261.7342384
2025-12-19,1611302246.8099792
2025-12-22,1638738094.2795844
2025-12-23,1656218984.5760684
2025-12-24,1655479917.7079287
2025-12-25,1627857425.6836643
2025-12-26,1629640849.776062
2025-12-29,1658364886.2145097
2025-12-30,1657701323.6919332
2025-12-31,1633361158.1609197
2026-01-05,1670530348.8669043
2026-01-06,1699062155.205965
2026-01-07,1745177383.8081884
2026-01-08,1760802647.1779916
2026-01-09,1793367049.322273
2026-01-12,1813916161.2765036
2026-01-13,1868101204.1656458
2026-01-14,1907214268.2934566
2026-01-15,1844769353.6641495
2026-01-16,1831479006.28194
2026-01-19,1872380929.2990594
2026-01-20,1854116874.7215395
2026-01-21,1892352511.5538254
2026-01-22,1859830478.3219907
2026-01-23,1834868492.3057847
2026-01-26,1879206553.5145755
2026-01-27,1926694661.9577332
2026-01-28,1943942817.6446295
2026-01-29,1936621020.5846384
2026-01-30,1938119270.7871354
2026-02-02,1922607568.261498
2026-02-03,1938595913.0171053
2026-02-04,1930455881.063339
2026-02-05,1895980965.1667247
2026-02-06,1904184080.437591
2026-02-09,1907941226.8821223
2026-02-10,1851595054.5065036
2026-02-11,1851962434.4776359
2026-02-12,1852329887.3416195
2026-02-13,1852697413.1129174
2026-02-23,1853065011.8059955
2026-02-24,1852437439.435322
2026-02-25,1869682212.0225115
2026-02-26,1862625705.5169604
2026-02-27,1846921241.3712296
2026-03-02,1860492819.593724
2026-03-03,1864530897.1928496
2026-03-04,1849787653.0851498
2026-03-05,1850154674.4448888
2026-03-06,1850521768.6263263
2026-03-09,1850888935.643911
2026-03-10,1851256175.5120943
2026-03-11,1851029928.2453308
2026-03-12,1859698311.1676018
2026-03-13,1856206755.2769604
2026-03-16,1845382020.585547
2026-03-17,1845748167.8118536
2026-03-18,1846114387.6864195
2026-03-19,1845897480.2236588
2026-03-20,1839005872.580846
2026-03-23,1836794326.1269932
2026-03-24,1839846400.8742406
2026-03-25,1840211449.763303
2026-03-26,1840576571.0827005
2026-03-27,1840941764.8468041
2026-03-30,1841307031.069988
2026-03-31,1841672369.766629
2026-04-01,1841266090.9511065
2026-04-02,1836624864.977089
2026-04-03,1827053696.299505
2026-04-06,1814984387.9297233
2026-04-07,1832541532.4511378
2026-04-08,1827544541.9615448
2026-04-09,1832258031.1563783
2026-04-10,1842980560.329227
2026-04-13,1830467560.4880223
2026-04-14,1831224443.734151
2026-04-15,1828174021.9174314
2026-04-16,1827629002.4773357
2026-04-17,1805480091.2794144
2026-04-20,1813657711.932446
2026-04-21,1811804353.2244961
2026-04-22,1811628300.2152152
2026-04-23,1809603621.5049405
2026-04-24,1795280314.5726993
2026-04-28,1795101020.9843209
2026-04-29,1808364066.8218179
2026-05-04,1820907172.7874572
2026-05-05,1834170338.893169
2026-05-06,1846713565.1508858
2026-05-07,1846116851.5725427
2026-05-08,1841200198.1700768
2026-05-11,1819884622.9554281
2026-05-12,1837518833.3964908
2026-05-13,1852689340.7047043
2026-05-14,1860982879.4627807
2026-05-15,1871188553.67696
2026-05-18,1892679450.6122134
2026-05-19,1862582378.2809856
2026-05-20,1858262592.689375
2026-05-21,1837298006.1006227
2026-05-22,1815478731.0700872
2026-05-25,1806596733.1992679
2026-05-26,1806955184.9320455
2026-05-27,1807313707.7861986
2026-05-28,1807140791.7758389
2026-05-29,1804576622.29008
2026-06-01,1798162513.484979
2026-06-02,1795676060.372575
2026-06-03,1796032345.3051887
2026-06-04,1796388700.9292572
2026-06-05,1796745127.2588067
2026-06-08,1797101624.307866
2026-06-09,1797458192.090467
2026-06-10,1797814830.6206436
2026-06-11,1798171539.9124334
2026-06-12,1798528319.9798763
2026-06-15,1798885170.8370152
2026-06-16,1799242092.4978955
2026-06-17,1799599084.9765656
2026-06-18,1799422108.2870767
2026-06-19,1799856156.3244352
2026-06-22,1818750264.6887853
2026-06-23,1829741513.3920965
2026-06-24,1866959208.1368172
2026-06-25,1866036938.1384315
2026-06-26,1833814703.4039354
2026-06-29,1839675423.940325
2026-06-30,1823447065.4926944
2026-07-01,1823808860.5453715
2026-07-02,1824170727.3827813
2026-07-03,1823988276.0191667
2026-07-06,1826821171.5104403
2026-07-07,1832179128.0920892
2026-07-08,1830972145.7762344
2026-07-09,1828207964.5749996
2026-07-10,1814820084.2505105
2026-07-13,1807231046.5688143
2026-07-14,1827722050.7447207
2026-07-15,1819488781.7865353
2026-07-16,1818303934.6400642
2026-07-17,1818664709.2302706
2026-07-20,1819025555.402737
2026-07-21,1819386473.171666
2026-07-22,1819747462.5512636
2026-07-23,1819594923.555738
2026-07-24,1818825001.9135864
2026-07-27,1819615141.7949185
2026-07-28,1819515663.2119412
2026-07-29,1819335228.2244833
2026-07-30,1838087492.1586547
2026-07-31,1844344817.0578926
2026-08-03,1848121962.934293
2026-08-04,1866901153.7999547
2026-08-05,1857595380.2193594
2026-08-06,1832121802.1995616
2026-08-07,1826650667.3190455
2026-08-10,1826796708.8006566
2026-08-11,1821875775.6079583
2026-08-12,1829549565.8808963
2026-08-13,1834399625.318571
2026-08-14,1817092702.3077216
2026-08-17,1817453236.5740526
2026-08-18,1817813842.3749602
2026-08-19,1818174519.7246377
2026-08-20,1818535268.6372814
2026-08-21,1818322089.1270905
2026-08-24,1817225922.8749332
2026-08-25,1814029816.9072497
2026-08-26,1823747771.236001
2026-08-27,1825299143.968389
2026-08-28,1831149731.1001287
2026-09-03,1832975360.0150294
2026-09-04,1862679750.7213817
2026-09-07,1832061170.989382
2026-09-08,1836203548.2058482
2026-09-09,1835861281.6082702
2026-09-10,1835387004.8784306
2026-09-11,1818209307.1413033
